"","day","temp","dewp","wdsp","NUM_CRIME"
"2",5,28.4,17.4,5.1,0.792697290930506
"3",6,34.3,28.9,4.9,0.763250883392226
"4",7,30.6,27.5,9.2,0.605418138987044
"5",1,4.5,-5.8,11.3,0.616018845700825
"6",2,9.2,1.6,8,0.593639575971731
"9",5,10.3,0.7,15,0.694935217903416
"10",6,8,-1.7,11.6,0.762073027090695
"11",7,27.7,16.7,10,0.764428739693757
"12",1,26.3,19.8,8.7,0.714958775029446
"13",2,19.3,10.8,9.1,0.720848056537102
"14",3,13.5,6.3,5.3,0.795053003533569
"15",4,23.5,15.9,9.1,0.898704358068316
"16",5,29.3,23.2,6,0.836277974087161
"17",6,36.8,28.6,12.1,0.872791519434629
"18",7,38.7,30.6,10.9,0.822143698468787
"19",1,34,28.6,4.5,0.833922261484099
"20",2,36.6,32.2,4.3,0.934040047114252
"21",3,34.2,30,7.2,0.877502944640754
"22",4,32.2,23.8,4.8,0.885747938751472
"23",5,31.7,24.3,10.2,0.942285041224971
"24",6,35.1,27.7,8.5,0.890459363957597
"25",7,34.1,30.2,10.3,0.760895170789164
"26",1,25.9,18.1,7.3,0.772673733804476
"27",2,29.3,22.5,6.1,0.795053003533569
"28",3,28.7,18.5,6.8,0.760895170789164
"29",4,36.1,26.1,12.7,0.828032979976443
"30",5,29.7,13.3,9.2,0.840989399293286
"31",6,30.3,20.6,6.5,0.749116607773852
"32",7,31.8,28.6,11.2,0.661955241460542
"34",2,16.7,10,7.5,0.60188457008245
"35",3,25.4,19.8,6.4,0.67962308598351
"36",4,11.4,0.2,7.1,0.673733804475854
"37",5,20.2,10.6,9.4,0.819787985865724
"38",6,33.6,27.1,7.2,0.799764428739694
"39",7,38.5,34.5,7.8,0.724381625441696
"40",1,29.3,24.6,13.4,0.714958775029446
"41",2,28.4,19.1,7.1,0.740871613663133
"42",3,32.6,24.3,10,0.713780918727915
"43",4,18.3,4.6,13.8,0.71849234393404
"44",5,14.5,3.9,8.4,0.744405182567727
"45",6,21.1,8.7,15.9,0.703180212014134
"46",7,7.3,-4.4,9.4,0.65017667844523
"47",1,12.8,-4.8,4.2,0.632508833922262
"48",2,18.2,7.3,9.1,0.703180212014134
"49",3,9.6,-2.8,12.8,0.60188457008245
"51",5,7,-5,8.8,0.76678445229682
"52",6,23.4,13.5,6.3,0.767962308598351
"53",7,24.3,11.9,8.7,0.698468786808009
"54",1,7.7,-9.3,9.8,0.673733804475854
"55",2,13.9,2.1,12.6,0.739693757361602
"56",3,24.1,9.9,7.9,0.672555948174323
"57",4,20.2,12.3,11.5,0.608951707891637
"58",5,10,-3.5,6.7,0.751472320376914
"59",6,11,-1.6,4.6,0.641931684334511
"60",7,22,15.9,5.1,0.890459363957597
"61",1,23.8,12.4,6.6,0.775029446407538
"62",2,30.7,22.9,10.6,0.749116607773852
"63",3,26.6,14.8,10.4,0.661955241460542
"64",4,15.2,-2.2,8.9,0.720848056537102
"65",5,14.7,3.4,10.4,0.838633686690224
"66",6,34.1,23.6,10.6,0.820965842167256
"67",7,37.1,28.2,6.7,0.736160188457008
"68",1,40,27.1,4.7,0.855123674911661
"69",2,43.9,38.1,6.2,0.886925795053004
"70",3,44.7,34.4,6.5,0.878680800942285
"71",4,44.9,27.7,6.5,0.884570082449941
"72",5,50.6,31.5,6.3,0.958775029446408
"73",6,52.5,38.6,8.2,0.939929328621908
"74",7,47.6,33.3,6.7,0.916372202591284
"75",1,61.3,39,11.7,0.917550058892815
"76",2,44.1,25.4,15,0.8150765606596
"77",3,38.8,14.2,4.3,0.812720848056537
"78",4,44.4,16.9,7.4,0.84452296819788
"79",5,44,33.1,7.8,0.91283863368669
"80",6,43,34.9,11.4,0.811542991755006
"81",7,34.8,22.1,10,0.772673733804476
"82",1,31.4,25.2,11.5,0.697290930506478
"83",2,32.4,21.6,9.1,0.752650176678445
"84",3,40.7,34.3,11,0.851590106007067
"85",4,39.7,28.4,8.1,0.80565371024735
"86",5,30.8,16.8,12.1,0.85394581861013
"87",6,29.2,10.7,6.2,0.773851590106007
"88",7,34.9,19.8,12.4,0.729093050647821
"89",1,49.1,31,9,0.846878680800942
"90",2,50.1,35.7,9.4,0.816254416961131
"92",4,60.6,43.2,11,0.935217903415783
"93",5,52,31.8,8.9,0.836277974087161
"94",6,42.9,24.1,10.7,0.817432273262662
"95",7,56.3,23.8,10.3,0.792697290930506
"96",1,55,33.2,6.3,0.7962308598351
"97",2,43.6,39,10.5,0.710247349823322
"98",3,47.2,44.2,7.6,0.799764428739694
"99",4,54.6,51.3,9.1,0.763250883392226
"100",5,54.5,41.6,19.2,0.840989399293286
"101",6,50.5,33.7,7.2,0.848056537102474
"102",7,58.8,32.1,8,0.910482921083628
"103",1,63.3,40.4,10.5,0.865724381625442
"104",2,58.2,24.9,5.1,0.90341578327444
"105",3,56,26.8,9.6,0.939929328621908
"106",4,54.8,37.9,7.1,0.808009422850412
"107",5,62.4,45.9,3.8,0.924617196702002
"108",6,62.3,43.8,7.4,0.905771495877503
"109",7,57.5,38.3,8.7,0.828032979976443
"110",1,50.8,44.9,14.1,0.875147232037691
"111",2,47.6,29.3,16.2,0.780918727915194
"112",3,42.2,23.6,12.7,0.803297997644287
"113",4,44.5,22.5,7.9,0.861012956419317
"114",5,47.5,24,4.3,0.896348645465253
"115",6,45.9,39.3,13.1,0.818610129564193
"116",7,47.1,30.3,10.7,0.845700824499411
"117",1,49.1,31.6,11.9,0.849234393404005
"118",2,49.1,34.3,5.4,0.845700824499411
"119",3,52.3,35.4,5.2,0.902237926972909
"120",4,48,34.8,12.1,0.784452296819788
"122",6,64.9,38.4,5.8,0.806831566548881
"123",7,70.1,42.9,8.5,0.877502944640754
"124",1,67.8,55,8.4,0.917550058892815
"125",2,56.1,48.3,7.2,0.819787985865724
"126",3,60.1,53.5,5.4,0.870435806831567
"127",4,71.2,52.9,7.8,0.971731448763251
"128",5,73.9,61.8,7.8,0.950530035335689
"129",6,60.4,56.3,7.2,0.806831566548881
"130",7,50.3,46.9,7.7,0.872791519434629
"131",1,59.9,54.5,9.4,0.881036513545348
"132",2,54.2,39.5,15.3,0.891637220259128
"133",3,49.6,35.3,9.3,0.90341578327444
"134",4,55.3,40.4,8.7,0.889281507656066
"135",5,67.6,58.2,9.8,0.968197879858657
"137",7,74.9,66.4,11.3,0.984687868080094
"138",1,74.6,59.6,12.9,0.89281507656066
"139",2,51.4,37.4,10.5,0.832744405182568
"140",3,46.2,30.9,9.1,0.858657243816254
"141",4,54.7,37.9,7.3,0.877502944640754
"142",5,60.5,37.5,7.5,0.97055359246172
"143",6,65.7,37.6,6.7,0.939929328621908
"144",7,68.8,51.7,5.4,0.809187279151943
"145",1,74.3,63.4,12.8,0.833922261484099
"146",2,73.3,64.3,10.9,0.908127208480565
"147",3,70.9,60.2,11.7,0.868080094228504
"148",4,72,55.7,5.3,0.942285041224971
"149",5,75.7,62.5,8.7,0.975265017667845
"150",6,66,60.4,10.3,0.846878680800942
"151",7,48.7,42.8,15.6,0.784452296819788
"153",2,58,42.8,4.6,0.909305064782097
"154",3,65.3,50.1,6,0.915194346289753
"155",4,71,58,7.2,0.849234393404005
"156",5,66.8,57.6,11,0.925795053003534
"157",6,62.4,51.4,9.6,0.89281507656066
"158",7,68.2,59.9,9.3,0.870435806831567
"159",1,74.9,64.3,11.3,0.802120141342756
"160",2,72,57.5,5.9,0.861012956419317
"161",3,81.7,64.6,11.5,0.934040047114252
"162",4,72.1,60.1,6.2,0.944640753828033
"163",5,65.9,63.2,6.1,0.974087161366313
"164",6,69.7,62.8,5.8,0.957597173144876
"165",7,75.9,69.9,7.2,0.935217903415783
"166",1,76.4,71.8,6.7,0.870435806831567
"167",2,70.4,60.2,8.5,0.997644287396938
"168",3,63.5,52.5,4,0.850412249705536
"169",4,74.5,67.1,7.8,0.904593639575972
"170",5,63.1,53.5,10.7,0.91283863368669
"171",6,67.4,57.1,5.9,0.902237926972909
"172",7,76.8,66.6,7.8,0.92226148409894
"173",1,78.3,71.4,8.7,0.918727915194346
"174",2,77.2,61.9,9,0.862190812720848
"175",3,72.3,57.4,5,0.857479387514723
"176",4,73.4,65.2,6.7,0.923439340400471
"177",5,66.3,61.6,7.9,0.923439340400471
"178",6,66.5,54,9.2,0.851590106007067
"179",7,70,51.7,5,0.938751472320377
"180",1,70.6,63,4.4,0.884570082449941
"181",2,70.7,62.3,6.6,0.881036513545348
"183",4,62.8,54,9.3,0.891637220259128
"184",5,68,54,6.3,0.904593639575972
"185",6,72.2,56.2,3.1,0.995288574793875
"187",1,78.4,65.7,8.5,0.891637220259128
"188",2,69,57.5,12.3,0.82567726737338
"189",3,62.5,50.6,7.2,0.845700824499411
"190",4,66.3,57.4,7.2,0.790341578327444
"191",5,71.5,57,4.3,0.870435806831567
"192",6,73.7,57.2,3.7,0.939929328621908
"193",7,75,65.4,5.9,0.943462897526502
"194",1,78,67.6,9.1,0.921083627797409
"195",2,78,66.1,9.3,0.837455830388693
"196",3,68.2,52.4,10,0.936395759717314
"197",4,69.4,57.2,6.9,0.792697290930506
"198",5,80,70.8,7.8,0.97055359246172
"199",6,82.5,70.8,8,0.914016489988221
"200",7,82.1,68.8,7,0.899882214369847
"201",1,77.6,61.5,5.8,0.916372202591284
"202",2,77.1,57.7,7.4,0.914016489988221
"203",3,75.9,54.3,4.1,0.911660777385159
"204",4,77.7,56,4.1,0.954063604240283
"206",6,80.8,66.7,8.2,0.978798586572438
"207",7,77.4,64.7,4.7,0.944640753828033
"208",1,80.3,64.2,6.8,0.983510011778563
"209",2,82.9,66.1,6.8,0.90341578327444
"210",3,83.3,65.7,8,0.898704358068316
"211",4,80,54.5,9.5,0.91283863368669
"212",5,80.7,55.8,9.9,0.919905771495877
"214",7,82.5,64.6,12.6,0.967020023557126
"215",1,77.8,59,9.5,0.858657243816254
"216",2,75,53.2,6.1,0.896348645465253
"217",3,75.6,56.5,5.1,0.908127208480565
"218",4,76.2,60,7.9,0.952885747938751
"219",5,76.4,57.5,7.5,0.988221436984688
"220",6,78.1,62,6.5,1
"221",7,74.6,65.5,4.3,0.877502944640754
"222",1,77.8,67.6,4.8,0.95170789163722
"223",2,75,62.1,6.9,0.930506478209658
"224",3,72.7,57.4,4.4,0.895170789163722
"225",4,75.6,59.9,7.8,0.923439340400471
"226",5,79.4,65.9,8.3,0.95170789163722
"227",6,78,67.2,6.2,0.969375736160188
"229",1,81.2,67.3,6.9,0.872791519434629
"230",2,75.8,66.7,7.1,0.897526501766785
"231",3,73.9,62.6,12.2,0.932862190812721
"232",4,67.2,52,14,0.987043580683157
"234",6,75.3,55.5,7.8,0.995288574793875
"235",7,74.1,58.9,9.9,0.949352179034158
"236",1,67.4,48.8,11.4,0.852767962308598
"237",2,65.4,47.6,8.6,0.90341578327444
"238",3,64.2,52,5.3,0.932862190812721
"239",4,65.5,52.8,3.8,0.899882214369847
"240",5,68.8,57.3,4.9,0.949352179034158
"241",6,70.8,62.3,5.6,0.895170789163722
"242",7,71,63.9,4.3,0.942285041224971
"243",1,74.8,65.4,2.3,0.877502944640754
"245",3,82.2,69,7.6,0.943462897526502
"247",5,76.9,66.9,6.1,0.959952885747939
"248",6,76.9,66.5,6.2,0.901060070671378
"249",7,82.8,65.7,6.9,0.963486454652532
"250",1,83.6,66.9,7.5,0.95170789163722
"251",2,80,69.1,8,0.84452296819788
"252",3,72.4,61.2,6.2,0.837455830388693
"253",4,66.6,56.2,4.5,0.775029446407538
"254",5,63.4,56,7.2,0.813898704358068
"255",6,59.2,46,10.5,0.852767962308598
"256",7,60.3,44,6.8,0.864546525323911
"257",1,67.4,47.9,9.3,0.930506478209658
"258",2,73.7,52,10.2,0.955241460541814
"259",3,73.5,51.3,8.6,0.902237926972909
"260",4,75,58,9.3,0.84452296819788
"261",5,74.2,66.4,8.8,0.93168433451119
"262",6,66.8,56.8,9.6,0.932862190812721
"263",7,62.4,48.6,3.2,0.955241460541814
"264",1,64.5,48.8,5.6,0.865724381625442
"265",2,67.8,50.7,4.8,0.914016489988221
"266",3,70.6,51,4.6,0.981154299175501
"267",4,69.7,55.7,6,0.843345111896349
"268",5,69.6,57.8,7.1,0.954063604240283
"269",6,69.2,57.5,7.6,0.932862190812721
"270",7,70.1,58.7,6.5,0.943462897526502
"271",1,72.4,62.9,5.2,0.886925795053004
"272",2,67.6,58.6,9.3,0.787985865724382
"273",3,59.2,44.2,15.2,0.798586572438163
"275",5,56.6,40,19.1,0.941107184923439
"276",6,52.9,39.1,17.7,0.833922261484099
"277",7,53.4,46.3,13,0.769140164899882
"278",1,58.4,53.2,7.4,0.889281507656066
"279",2,60.8,54.1,5.7,0.885747938751472
"280",3,62.3,53.8,5.5,0.845700824499411
"281",4,64.5,52.1,7.7,0.82567726737338
"282",5,62,50.4,10.9,0.936395759717314
"283",6,55.6,42.6,5,0.857479387514723
"284",7,63.3,45.4,9.8,0.865724381625442
"285",1,68.2,47.1,12.6,0.859835100117786
"286",2,57.5,40.5,10.7,0.872791519434629
"287",3,54.4,38.7,6.6,0.899882214369847
"288",4,57.3,35.1,9.5,0.96113074204947
"289",5,51.1,28.9,8.8,0.864546525323911
"290",6,44.8,21.5,8.5,0.831566548881037
"291",7,46.8,26.9,2.8,0.795053003533569
"292",1,57.7,29,13.2,0.928150765606596
"293",2,65,36.3,11.5,0.924617196702002
"294",3,66.2,49.5,10.1,0.935217903415783
"295",4,61.2,48.1,7.5,0.910482921083628
"296",5,57.4,43.2,9.7,0.915194346289753
"297",6,63.8,56.7,11.9,0.901060070671378
"298",7,52.8,38.1,6.1,0.857479387514723
"299",1,52.2,37.6,4.8,0.919905771495877
"300",2,54.7,41.5,9.6,0.76678445229682
"301",3,53.8,49.5,11.9,0.803297997644287
"302",4,42.2,31.5,15.2,0.787985865724382
"303",5,46.9,35.8,4.5,0.914016489988221
"304",6,48.8,41,8.8,0.849234393404005
"306",1,60.3,43.2,8.9,0.924617196702002
"307",2,61,49,5.7,0.882214369846879
"308",3,60.3,53.5,5.2,0.93168433451119
"309",4,65.6,56.2,10.1,0.888103651354535
"310",5,55.8,46.9,14.1,0.879858657243816
"311",6,46.4,33.8,8.3,0.813898704358068
"312",7,44,26.4,3.6,0.830388692579505
"313",1,46.1,28,3.4,0.80565371024735
"314",2,48.9,33.4,3.5,0.753828032979976
"315",3,51.7,35.6,8.1,0.808009422850412
"316",4,49.7,40.6,19.9,0.816254416961131
"317",5,43.3,26.1,16.4,0.799764428739694
"318",6,42.3,25.6,7,0.819787985865724
"319",7,54.1,32.6,8.3,0.850412249705536
"320",1,53.1,33.8,8.8,0.876325088339223
"321",2,53.1,47.2,12,0.785630153121319
"322",3,60.1,49.2,17,0.804475853945819
"323",4,46,29.7,15.8,0.819787985865724
"324",5,38.2,16.1,10.5,0.839811542991755
"325",6,33.6,30.1,10.3,0.621908127208481
"326",7,21.4,13.2,7.4,0.612485276796231
"327",1,31,21.6,8.8,0.765606595995289
"328",2,34.7,27.1,4,0.714958775029446
"329",3,44.7,32.2,9.3,0.729093050647821
"330",4,55,46,12.9,0.693757361601885
"331",5,47.6,42.1,13.8,0.722025912838634
"332",6,39,29.3,12.3,0.775029446407538
"333",7,36.8,27.7,6.9,0.720848056537102
"334",1,42.1,29.7,10.1,0.784452296819788
"335",2,43.5,35.8,9.6,0.935217903415783
"336",3,36.5,30.1,7.5,0.843345111896349
"337",4,34.2,26.9,8.4,0.836277974087161
"338",5,38.3,31.5,8.9,0.824499411071849
"339",6,36.3,30.8,7.1,0.832744405182568
"340",7,38.7,31.2,5.2,0.809187279151943
"341",1,37.2,33.2,4.4,0.811542991755006
"342",2,41.9,36.1,9.4,0.863368669022379
"343",3,48.2,39.8,7.8,0.806831566548881
"344",4,50,37.8,12.2,0.812720848056537
"345",5,49.1,34.3,8.3,0.87396937573616
"346",6,55.3,49.8,4.2,0.885747938751472
"347",7,59.7,55.1,8,0.765606595995289
"348",1,56.5,50,14.6,0.870435806831567
"349",2,43.2,35.3,8,0.934040047114252
"350",3,45.1,37.6,11.9,0.850412249705536
"351",4,34.9,22.9,14.7,0.856301531213192
"352",5,29.8,16.5,11,0.769140164899882
"353",6,25.3,12.1,10.7,0.784452296819788
"354",7,37.8,22.2,10.9,0.816254416961131
"355",1,47.8,39.3,12.8,0.764428739693757
"356",2,41.6,37,6.9,0.817432273262662
"357",3,50.6,46.1,10.7,0.886925795053004
"358",4,43.2,33.3,14.3,0.795053003533569
"360",6,41.6,34.5,9.6,0.753828032979976
"361",7,41.2,35.4,14.5,0.738515901060071
"362",1,35.4,27.7,19.4,0.607773851590106
"363",2,35.5,30.3,12.9,0.734982332155477
"364",3,30.3,22.9,6.9,0.710247349823322
"365",4,28.5,20.4,8.4,0.71849234393404
"367",6,28.6,19.2,9.2,0.677647058823529
"368",7,28.8,18.7,10.9,0.727058823529412
"369",1,28.5,17.3,10.5,0.736470588235294
"370",2,27.5,16.9,8.3,0.737647058823529
"371",3,31.1,20.3,7,0.736470588235294
"372",4,38.6,24.3,6.3,0.830588235294118
"373",5,41.9,34.6,5.8,0.872941176470588
"374",6,40.5,37.2,6.2,0.764705882352941
"375",7,20.6,13.1,15.6,0.702352941176471
"376",1,8.3,-0.8,9.8,0.603529411764706
"377",2,16.2,6.3,14.3,0.644705882352941
"378",3,9,-0.1,8.2,0.769411764705882
"379",4,33.9,24.8,8.6,0.863529411764706
"380",5,41.1,34.5,10.8,0.862352941176471
"381",6,30.4,20.3,11.2,0.765882352941176
"382",7,9.6,-3.8,13.6,0.631764705882353
"383",1,2.8,-10.8,11.5,0.605882352941176
"384",2,8.1,-5.3,6.4,0.717647058823529
"385",3,18.8,8.5,2.9,0.728235294117647
"386",4,21.3,12.6,2.7,0.745882352941176
"387",5,27.3,18.6,7.6,0.824705882352941
"388",6,30,19,6.5,0.849411764705882
"389",7,29.1,18.3,7.5,0.794117647058823
"390",1,34.3,25.4,7.2,0.875294117647059
"391",2,33.5,27,14.3,0.752941176470588
"392",3,29.1,16.6,9.8,0.787058823529412
"393",4,35.7,26,13.4,0.883529411764706
"394",5,30.5,14.5,9,0.877647058823529
"395",6,39.9,29,8.9,0.872941176470588
"396",7,44.6,39.2,7.6,0.782352941176471
"398",2,37.1,31.5,9.2,0.722352941176471
"399",3,37.3,33.6,9.8,0.802352941176471
"400",4,28.1,16.6,10,0.788235294117647
"401",5,30.5,20.7,6.3,0.776470588235294
"402",6,32.3,22.4,7.3,0.817647058823529
"403",7,39.8,28.6,10.1,0.725882352941176
"404",1,32.4,23.4,8.9,0.670588235294118
"405",2,20.4,11.8,11,0.641176470588235
"406",3,15.2,2.4,11.1,0.664705882352941
"407",4,15.4,-0.8,7.1,0.684705882352941
"408",5,21,5.2,10.4,0.76
"409",6,11.5,-9,11.8,0.702352941176471
"410",7,15.8,1.9,8.8,0.604705882352941
"411",1,22.5,17.7,6.9,0.650588235294118
"412",2,29.2,22.3,3.6,0.735294117647059
"413",3,30.8,20.9,5.9,0.754117647058824
"414",4,32.5,21.3,9.5,0.801176470588235
"415",5,50.2,34.6,20.9,0.911764705882353
"416",6,51.2,30.9,11.8,0.825882352941177
"417",7,41.5,30.9,9.3,0.830588235294118
"418",1,36.7,25.5,4.2,0.751764705882353
"419",2,37.9,24.6,6.1,0.741176470588235
"420",3,36.4,26.2,19.9,0.68
"421",4,34.4,23.8,16.2,0.822352941176471
"422",5,32.7,15.3,10.1,0.870588235294118
"423",6,38.1,24.4,10.6,0.812941176470588
"424",7,52.2,36.5,14.4,0.734117647058824
"425",1,42.1,28.9,14.6,0.76
"426",2,29.8,22.8,16.2,0.961176470588235
"427",3,23.2,6.8,7.2,0.714117647058824
"428",4,31.2,23.5,6.9,0.724705882352941
"429",5,31.9,19.4,7.2,0.825882352941177
"430",6,34.6,27.1,8,0.822352941176471
"431",7,40.8,29.1,8.9,0.84
"432",1,52.6,38.9,11.1,0.934117647058823
"433",2,63.2,48,12.2,0.850588235294118
"434",3,62.1,53.8,9.4,0.798823529411765
"435",4,50.1,40.1,7.9,0.842352941176471
"436",5,44.1,33,5.4,0.862352941176471
"437",6,46.1,37.3,4.3,0.876470588235294
"438",7,48,43.5,7.5,0.738823529411765
"439",1,46.3,43.6,4.7,0.804705882352941
"440",2,52.1,45.1,7.4,0.838823529411765
"441",3,54.7,40.6,19.8,0.876470588235294
"442",4,50,27.3,14.1,0.868235294117647
"443",5,42.9,26.6,9.1,0.930588235294118
"444",6,39.5,29.6,7.3,0.822352941176471
"445",7,38.8,25.5,9.4,0.805882352941176
"446",1,40.1,22.9,4.8,0.822352941176471
"447",2,52.1,30.6,11.9,0.849411764705882
"448",3,45.7,35.9,11,0.807058823529412
"449",4,38.7,36.8,9.4,0.796470588235294
"450",5,35.8,25.6,8.5,0.842352941176471
"451",6,42.7,31.7,6.5,0.864705882352941
"452",7,50.2,37.9,7.2,0.742352941176471
"453",1,46.2,36,9.7,0.871764705882353
"454",2,45.9,30.4,3.7,0.869411764705882
"455",3,51.4,34.1,11.2,0.842352941176471
"456",4,60.9,54,15.2,0.887058823529412
"457",5,45.1,36.9,8.1,0.971764705882353
"458",6,36.8,23.8,16.1,0.765882352941176
"459",7,43.1,20.7,12,0.830588235294118
"460",1,40.4,28.1,16,0.776470588235294
"461",2,36.1,17.5,8.5,0.794117647058823
"462",3,46.3,36,10.6,0.776470588235294
"463",4,41.3,33.4,11.9,0.872941176470588
"464",5,38.9,26.7,10.3,0.736470588235294
"465",6,31.1,14.1,12.2,0.810588235294118
"466",7,39.1,26.7,11.8,0.828235294117647
"467",1,49.3,37.6,9.7,0.795294117647059
"468",2,41.4,21,7.6,0.824705882352941
"469",3,44.7,26.6,7.3,0.84
"470",4,50.2,27.3,7.7,0.811764705882353
"471",5,55.2,32.5,7.3,0.954117647058824
"472",6,61,38.1,6,0.863529411764706
"473",7,64.7,38.7,6.1,0.832941176470588
"474",1,68.2,38.1,4.8,0.868235294117647
"475",2,55.9,40,8.7,0.827058823529412
"476",3,61.5,40.7,9.2,0.810588235294118
"477",4,62.8,52.1,6.4,0.84
"478",5,52.2,43.1,10.5,0.856470588235294
"479",6,49.4,37.7,7.2,0.815294117647059
"480",7,59.6,42.6,7,0.888235294117647
"481",1,72.6,51.2,12,0.891764705882353
"482",2,54.5,44.6,11.8,0.815294117647059
"483",3,46.4,39,14.1,0.777647058823529
"484",4,47.7,41.4,9.8,0.86
"485",5,46.7,39.7,7.9,0.845882352941176
"486",6,46.6,40.1,11.6,0.711764705882353
"487",7,46.9,43.7,10.6,0.963529411764706
"488",1,49.8,38.8,12.7,0.890588235294118
"489",2,55,35,5.4,0.867058823529412
"490",3,52.2,39,11.9,0.802352941176471
"491",4,49.5,35.9,12.6,0.82
"492",5,61.6,40.6,5.4,0.934117647058823
"493",6,65.1,40.7,12.2,0.872941176470588
"494",7,57.2,30.7,4,0.857647058823529
"495",1,57.2,44.3,9.2,0.86
"496",2,57.4,54.1,9.7,0.837647058823529
"497",3,60.4,56.8,5.4,0.891764705882353
"498",4,63.4,55.8,8.4,0.811764705882353
"499",5,59.3,43.5,9.8,0.950588235294118
"500",6,47.7,35.4,12.5,0.850588235294118
"501",7,47.3,26.9,8.7,0.869411764705882
"502",1,57.1,33.8,10.2,0.92
"503",2,55.4,41.3,8.4,0.814117647058824
"504",3,54.2,36.6,6.4,0.941176470588235
"505",4,57.5,32,4.2,0.897647058823529
"506",5,60.8,37.5,6.1,0.945882352941177
"507",6,64.5,34.8,8.4,0.931764705882353
"508",7,67.2,40.7,5.4,0.882352941176471
"509",1,68.5,39.9,5.7,0.92
"510",2,75.7,45.2,8.7,0.944705882352941
"511",3,77.9,58.8,9.4,0.847058823529412
"512",4,73.2,63.2,8.6,0.9
"513",5,76.1,64,8.7,0.941176470588235
"514",6,75.1,64.2,12.8,0.930588235294118
"515",7,74.9,59,10.7,0.938823529411765
"516",1,75.9,57.2,6.1,0.964705882352941
"517",2,73.4,56.9,7.9,0.889411764705882
"519",4,72.6,53.2,6.5,0.941176470588235
"520",5,72.7,52.1,5.3,0.967058823529412
"521",6,72.1,57,7.2,0.972941176470588
"522",7,70.5,57.4,9.9,0.914117647058823
"523",1,73,53.1,10.2,0.931764705882353
"524",2,64,48,9.6,0.887058823529412
"525",3,61.5,48,6.9,0.875294117647059
"526",4,63.9,50.8,6.4,0.852941176470588
"527",5,77.2,62.2,8.5,0.9
"528",6,85.2,62.4,9.4,0.958823529411765
"529",7,72.8,49.3,10.9,1
"530",1,71.1,48.3,5.7,0.934117647058823
"531",2,77.2,58.5,7.3,0.982352941176471
"532",3,80.6,67.6,9.6,0.929411764705882
"533",4,75.2,62,10,0.964705882352941
"534",5,72.5,54.2,9.1,0.975294117647059
"535",6,76.3,50.8,5.5,0.897647058823529
"536",7,80.4,56.4,6.7,0.954117647058824
"538",2,77.1,51.2,7.4,0.969411764705882
"539",3,73.3,59.2,6.5,0.881176470588235
"540",4,72.3,65.8,7.6,0.942352941176471
"541",5,73.3,57.9,7.3,0.949411764705882
"542",6,79.5,61.5,7.2,0.955294117647059
"543",7,82.8,67.8,8.7,0.910588235294118
"544",1,81.9,59.9,8.8,0.907058823529412
"545",2,69.3,52.9,10.4,0.902352941176471
"546",3,67.9,48.9,6.8,0.945882352941177
"547",4,72.3,48.1,7.2,0.996470588235294
"549",6,67.9,45.9,4.7,0.889411764705882
"550",7,70.4,52,6,0.92
"551",1,71.9,59.8,6.1,0.995294117647059
"553",3,79.1,66.8,7.6,0.872941176470588
"554",4,78.4,68.5,6.1,0.929411764705882
"555",5,78.6,66.6,7.5,0.929411764705882
"556",6,74.5,58,9.9,0.857647058823529
"557",7,74.2,56.6,4.7,0.894117647058824
"558",1,81.3,64.9,9.2,0.824705882352941
"559",2,82.9,69,12.1,0.917647058823529
"560",3,79.1,68.3,7.9,0.854117647058824
"561",4,76.5,64.8,12,0.904705882352941
"562",5,72.6,58.3,8.5,0.994117647058824
"563",6,69.3,55.7,6.4,0.917647058823529
"564",7,73.9,59.3,10.2,0.928235294117647
"565",1,78.8,67.5,5.7,0.94
"566",2,79.6,63.8,4,0.930588235294118
"567",3,80.7,66.8,5.8,0.969411764705882
"568",4,82.5,72.8,7.8,0.922352941176471
"569",5,81.1,70.9,7.7,0.930588235294118
"570",6,86,74.3,4.5,0.956470588235294
"571",7,80.4,72.5,10.8,0.929411764705882
"572",1,79.6,65.3,8.3,0.972941176470588
"574",3,81.5,63.3,3.9,0.935294117647059
"575",4,78.8,66.9,4.4,0.910588235294118
"576",5,75.3,69.1,5.9,0.942352941176471
"578",7,74.4,64.2,7.1,0.956470588235294
"580",2,79.2,65.4,5.4,0.930588235294118
"581",3,81.8,65.7,4.2,0.908235294117647
"582",4,83.5,65.3,5.6,0.932941176470588
"584",6,76.6,61,6.7,0.974117647058824
"585",7,75.6,58.4,5.1,0.985882352941176
"586",1,78.6,61.5,9.6,0.944705882352941
"587",2,79.9,60.7,5.7,0.852941176470588
"588",3,83.1,65.2,4.2,0.849411764705882
"590",5,81.5,73.6,6.6,0.877647058823529
"591",6,78.4,71.9,7.2,0.971764705882353
"592",7,78.4,64.4,4.7,0.990588235294118
"593",1,75.5,67.2,6.7,0.990588235294118
"594",2,76.4,68.5,7.2,0.96
"596",4,79.1,69,6.2,0.902352941176471
"597",5,76.6,65.6,7.2,0.932941176470588
"598",6,75.8,68.1,9.6,0.992941176470588
"599",7,68.5,54.9,8.9,0.924705882352941
"600",1,69.6,52,3.5,0.856470588235294
"601",2,73.6,58,8.5,0.884705882352941
"602",3,76.9,66.4,10.6,0.968235294117647
"603",4,77.9,69.1,6.6,0.905882352941176
"604",5,74.2,62.3,5,0.944705882352941
"605",6,75.9,67.5,7.8,0.963529411764706
"606",7,78.5,69.8,5.2,0.947058823529412
"608",2,78.9,70.7,4.6,0.888235294117647
"609",3,74.6,62.7,8.8,0.916470588235294
"611",5,69.8,55.5,9.1,0.94
"612",6,70.2,55.4,6.5,0.976470588235294
"613",7,72.2,57.1,6.7,0.916470588235294
"614",1,77.6,63,8.1,0.965882352941177
"615",2,83.8,71.8,9.3,0.895294117647059
"616",3,85.1,71.6,9.5,0.850588235294118
"617",4,77.3,70.3,9.4,0.934117647058823
"618",5,75.2,66.7,4.3,0.962352941176471
"619",6,70.3,60.5,7.8,0.902352941176471
"620",7,66.8,50.9,4.8,0.891764705882353
"621",1,70.7,51.7,7.4,0.932941176470588
"622",2,74.4,58.4,7.8,0.924705882352941
"623",3,71.6,58.7,9.3,0.964705882352941
"624",4,70.8,57.5,7.4,0.968235294117647
"625",5,74.1,60.3,9.6,0.948235294117647
"626",6,74.8,62.9,8.8,0.981176470588235
"627",7,72,54.6,3.6,0.918823529411765
"628",1,74.9,55,7.6,0.837647058823529
"629",2,77.3,55.2,7.8,0.931764705882353
"630",3,73.1,62.1,7.5,0.86
"631",4,75,62.4,3.8,0.977647058823529
"632",5,74,65.5,6.5,0.990588235294118
"633",6,70.8,62.7,9.3,0.98
"634",7,74,62,7.4,0.951764705882353
"635",1,67.8,46.2,12.7,0.898823529411765
"636",2,62.4,34.6,11.4,0.864705882352941
"637",3,57.3,45.9,9.4,0.745882352941176
"638",4,62.7,56,13.7,0.825882352941177
"639",5,63.3,58.2,12.5,0.908235294117647
"641",7,61.9,56.7,6,0.831764705882353
"642",1,63.7,55.8,3.9,0.907058823529412
"643",2,66.7,56.1,7,0.874117647058824
"644",3,72.2,57.4,9.4,0.947058823529412
"645",4,67.8,60.6,3.5,0.887058823529412
"647",6,54.1,37.6,5.8,0.841176470588235
"648",7,56.7,44.8,6.2,0.802352941176471
"649",1,59.8,44.9,5.6,0.849411764705882
"650",2,66.5,48.3,8,0.82
"651",3,63.8,53.4,10,0.876470588235294
"652",4,49.6,37,6.6,0.815294117647059
"653",5,53.9,40.3,5.3,0.965882352941177
"654",6,61.4,53,10,0.968235294117647
"655",7,69.4,62.5,7.8,0.928235294117647
"656",1,73.6,63.9,12.6,0.961176470588235
"657",2,74.3,59.7,14.2,0.910588235294118
"658",3,62.3,48,3.5,0.837647058823529
"659",4,57,47.1,10.2,0.843529411764706
"660",5,49.5,33.8,11.5,0.894117647058824
"661",6,48,32.2,6.2,0.909411764705882
"662",7,58,44.3,8.2,0.923529411764706
"663",1,54.3,40.9,8.4,0.904705882352941
"664",2,48.5,36.3,5.3,0.864705882352941
"665",3,48.3,41.4,9.9,0.821176470588235
"666",4,49,42.1,7.4,0.857647058823529
"667",5,51.6,43.8,7.2,0.943529411764706
"668",6,67.1,57.8,10.7,0.977647058823529
"669",7,56.2,48.5,10.1,0.924705882352941
"672",3,64.6,56.8,3.7,0.881176470588235
"673",4,57.8,50.9,5.3,0.921176470588235
"674",5,54.9,42.9,4.6,0.921176470588235
"675",6,56.1,44,6.2,0.965882352941177
"676",7,58.3,46,3.5,0.885882352941176
"677",1,57.6,42.5,4.8,0.867058823529412
"678",2,57.1,45.3,7.4,0.757647058823529
"679",3,51.5,35.6,8.8,0.8
"680",4,51.3,33.3,10.8,0.850588235294118
"681",5,51.4,36.1,12.4,0.937647058823529
"682",6,45.3,31.1,7.1,0.918823529411765
"683",7,45.7,29.8,8.9,0.776470588235294
"684",1,49,34.9,8,0.788235294117647
"685",2,48.2,42,3,0.837647058823529
"686",3,49.6,42.1,2.9,0.905882352941176
"687",4,58.2,45.4,9.8,0.952941176470588
"688",5,62.8,48.2,13.7,0.934117647058823
"689",6,38.9,23.5,17.7,0.795294117647059
"690",7,30.6,15.4,8.9,0.78
"691",1,32,17.5,4.5,0.803529411764706
"692",2,35.5,24.7,4.9,0.849411764705882
"693",3,40.7,34.4,8.5,0.822352941176471
"694",4,41.3,35.5,8.2,0.628235294117647
"695",5,39,31.7,6.9,0.810588235294118
"696",6,40,31.8,6.3,0.845882352941176
"697",7,39.4,34.4,8.1,0.815294117647059
"698",1,46.3,40.2,13.3,0.815294117647059
"699",2,51.5,43.5,11.6,0.821176470588235
"700",3,42.1,34,8.6,0.82
"701",4,38.9,30.4,12.4,0.963529411764706
"702",5,38.6,30.1,7.7,0.98
"703",6,34.5,22.1,6.3,0.891764705882353
"704",7,33,26,3.6,0.698823529411765
"705",1,33.4,29.7,8.1,0.795294117647059
"706",2,34.2,29.7,5.9,0.809411764705882
"707",3,28.1,17.7,12.9,0.776470588235294
"708",4,22.3,11.8,15,0.712941176470588
"709",5,23.8,13.8,9.4,0.785882352941176
"710",6,22,12.2,6.9,0.72
"711",7,27.6,22.4,7.9,0.602352941176471
"712",1,27,21.1,9.5,0.74
"713",2,18.4,8.3,7,0.675294117647059
"714",3,11.7,-0.6,10.7,0.717647058823529
"715",4,5.8,-7.2,11.3,0.681176470588235
"716",5,14.4,2.6,7.2,0.817647058823529
"717",6,23.1,17.2,5.6,0.722352941176471
"718",7,13.4,4.3,12,0.618823529411765
"719",1,2.2,-8.8,8.1,0.776470588235294
"720",2,21,7.3,14.1,0.815294117647059
"721",3,28.1,18.3,7.5,0.856470588235294
"722",4,35.6,25.2,8.5,0.825882352941177
"723",5,32.2,25.4,6.1,0.856470588235294
"724",6,35.8,31.2,5.2,0.710588235294118
"726",1,47.4,40.7,14.4,0.761176470588235
"727",2,29.9,18.2,13.2,0.78
"728",3,32.7,22.7,8.2,0.849411764705882
"729",4,35,24.6,13.4,0.761176470588235
"730",5,30.9,16.6,10.9,0.872941176470588
"731",6,37.4,20.7,13.4,0.828235294117647
"733",1,36.1,28.6,6.1,0.721176470588235
"734",2,40.3,37.2,6.6,0.843529411764706
"735",3,19.1,7.3,14.2,0.72
"736",4,10.9,-1.9,10.9,0.717647058823529
"737",5,5.9,-7.2,8.7,0.707058823529412
"738",6,8.3,-5.4,7.8,0.727058823529412
"739",7,10.9,-5,9,0.694117647058824
"740",1,23.1,10.7,10.4,0.838823529411765
"741",2,39.8,31.3,17.9,0.829411764705882
"742",3,33.9,27.1,11.6,0.778823529411765
"743",4,28.4,24.4,11.8,0.757647058823529
"744",5,22.9,11.1,8.8,0.94
"745",6,30.1,18.4,5.4,0.805882352941176
"746",7,28.1,18.5,2.5,0.771764705882353
"747",1,34.3,29,4.8,0.767058823529412
"748",2,36.7,36,7.7,0.828235294117647
"749",3,33.6,32,9.1,0.831764705882353
"750",4,35.6,32.5,6.3,0.868235294117647
"751",5,38.7,37.5,7,0.921176470588235
"752",6,49.6,44.7,7.1,0.924705882352941
"753",7,43.9,39.6,4.5,0.872941176470588
"754",1,40.7,34.4,9.6,0.928235294117647
"755",2,38.4,31.8,6.6,0.864705882352941
"756",3,38.9,33.5,9.9,0.88
"757",4,34.3,28.8,11.5,0.792941176470588
"758",5,29,19.5,11.7,0.922352941176471
"759",6,27.7,19.5,11.8,0.858823529411765
"760",7,27.6,15.5,9,0.744705882352941
"761",1,24.1,8.8,9.7,0.889411764705882
"762",2,38.2,28.1,13.6,0.863529411764706
"763",3,35.9,24.2,10.1,0.994117647058824
"764",4,22,5.8,11,0.788235294117647
"765",5,20.7,2.3,9.6,0.785882352941176
"766",6,24.1,5.3,10.7,0.750588235294118
"767",7,34,16.6,10.2,0.817647058823529
"768",1,37.3,28,6.1,0.896470588235294
"769",2,46,43.7,6.8,0.814117647058824
"770",3,32.2,23.4,10.9,0.783529411764706
"771",4,20.2,3,12.3,0.785882352941176
"772",5,26.7,13.6,12.1,0.875294117647059
"773",6,42.7,33,6.8,0.828235294117647
"774",7,41.3,26.9,14.3,0.796470588235294
"775",1,36.1,18.9,8.6,0.844705882352941
"776",2,41.4,25.6,11,0.837647058823529
"777",3,34.4,15.2,12.1,0.791764705882353
"778",4,35.1,12.5,6.7,0.789411764705882
"779",5,46.4,28.9,6.9,0.976470588235294
"780",6,56.9,34.7,8.2,0.878823529411765
"781",7,51.4,33,2.2,0.792941176470588
"782",1,55.1,40.8,7.4,0.835294117647059
"783",2,59.7,49.4,8,0.797647058823529
"784",3,57.9,52.1,8.2,0.827058823529412
"785",4,51.6,44,11.5,0.770588235294118
"786",5,40.8,37.6,9.1,0.776470588235294
"787",6,30.4,21,13.4,0.704705882352941
"788",7,33.1,16,11.5,0.677647058823529
"789",1,42.8,27.3,6.8,0.744705882352941
"790",2,52,44.8,11.4,0.742352941176471
"791",3,47.3,43.5,10.5,0.868235294117647
"792",4,32.4,20.3,10,0.738823529411765
"793",5,27.8,6.1,10,0.791764705882353
"794",6,33.7,21.5,9,0.744705882352941
"795",7,42.4,28.6,12.1,0.777647058823529
"796",1,54.6,46.5,15.3,0.803529411764706
"797",2,54.5,39.4,18.8,0.802352941176471
"798",3,46.3,19,19.4,0.784705882352941
"799",4,39.3,18.5,8.5,0.795294117647059
"800",5,31.8,6.4,12.1,0.783529411764706
"801",6,24,-4.8,8.2,0.774117647058824
"802",7,27.1,1,5.7,0.650588235294118
"803",1,29,21.8,10.2,0.636470588235294
"805",3,24.1,7.7,11,0.712941176470588
"806",4,29.8,11.9,6.3,0.785882352941176
"807",5,39,31.1,8,0.834117647058824
"808",6,42.4,31.8,12.1,0.792941176470588
"809",7,41.5,30.6,5.2,0.710588235294118
"810",1,47.9,39.4,9.6,0.816470588235294
"811",2,43.3,29.8,9.5,0.763529411764706
"812",3,32.3,19.1,14.1,0.761176470588235
"813",4,37.8,21.5,9.4,0.783529411764706
"814",5,59.9,40.9,12.9,0.915294117647059
"815",6,43.7,41.3,10.6,0.817647058823529
"816",7,53.1,50.2,7.4,0.825882352941177
"817",1,50,47.7,7.4,0.849411764705882
"818",2,43.1,36.9,9.6,0.791764705882353
"819",3,42.3,36,9.9,0.787058823529412
"820",4,44.1,41.1,12.2,0.811764705882353
"821",5,39.6,36.9,15.7,0.914117647058823
"822",6,44.2,27.9,5.6,0.971764705882353
"823",7,50.3,27.7,6.2,0.811764705882353
"824",1,49.3,42.3,6.5,0.817647058823529
"825",2,48.6,44.2,8.1,0.837647058823529
"826",3,44.9,40.2,12.7,0.744705882352941
"827",4,42.9,34.3,18.7,0.785882352941176
"828",5,43.8,21.9,11.8,0.828235294117647
"829",6,51.2,27.3,9.2,0.817647058823529
"830",7,64.8,44.4,13.5,0.895294117647059
"831",1,68,54.3,14.3,0.802352941176471
"832",2,47.7,41.4,7.8,0.827058823529412
"833",3,48.2,36.3,5.6,0.854117647058824
"834",4,50.9,36.5,8.3,0.782352941176471
"835",5,55.4,43.1,7.4,0.909411764705882
"836",6,70.3,56.2,13.8,0.961176470588235
"837",7,67.8,53,12,0.807058823529412
"838",1,59.7,35.9,5,0.884705882352941
"839",2,58.1,40.2,9,0.864705882352941
"840",3,64.5,54,8.1,0.891764705882353
"841",4,58.4,49.5,10.9,0.838823529411765
"842",5,50.6,36.1,12.6,0.957647058823529
"843",6,50.3,31.3,11.1,0.824705882352941
"844",7,54.9,29.2,4,0.827058823529412
"845",1,57.7,35.4,6.6,0.865882352941176
"846",2,66.4,45.7,9.8,0.890588235294118
"847",3,71.3,55.3,11.2,0.891764705882353
"848",4,54.6,49,12.2,0.842352941176471
"849",5,49.6,40.9,5.4,0.978823529411765
"850",6,45.6,39.6,14.9,0.723529411764706
"851",7,45.2,44.2,15,0.771764705882353
"853",2,46.1,39.2,14.9,0.810588235294118
"854",3,48.1,34.3,6,0.869411764705882
"855",4,48.9,37,11.9,0.871764705882353
"856",5,49,38.3,15.1,0.937647058823529
"857",6,50.5,36.3,12.3,0.838823529411765
"858",7,48,26.1,8.5,0.74
"859",1,46.6,26.8,6.3,0.829411764705882
"860",2,48.3,37.1,5.8,0.831764705882353
"861",3,55.4,41.4,6.1,0.78
"862",4,54.7,48.7,9.3,0.863529411764706
"863",5,59,42.2,6.3,0.996470588235294
"864",6,63.2,45.4,6.4,0.851764705882353
"865",7,63.3,45.1,6.2,0.837647058823529
"867",2,76.9,58.3,10.5,0.878823529411765
"868",3,78.9,59.2,15.5,0.981176470588235
"869",4,75.5,59.6,16.6,0.911764705882353
"870",5,48.3,41,17.3,0.912941176470588
"871",6,53.3,48.7,10.6,0.781176470588235
"872",7,62.1,54.3,9.8,0.930588235294118
"873",1,59.1,43.6,12.1,0.935294117647059
"874",2,60.9,54.3,7.7,0.868235294117647
"875",3,57,53.2,9.6,0.895294117647059
"876",4,58.3,51.5,10.4,0.897647058823529
"877",5,60.8,52.8,5.4,0.902352941176471
"878",6,63.4,55.2,6.7,0.941176470588235
"879",7,67,56.4,5.2,0.829411764705882
"880",1,70.1,47.9,10.6,0.903529411764706
"881",2,66,44.8,9.7,0.957647058823529
"882",3,64.8,45.1,8.3,0.868235294117647
"884",5,71.9,42.4,5.4,0.989411764705882
"885",6,75.2,49.4,6.2,0.968235294117647
"886",7,81,59.6,7.3,0.964705882352941
"887",1,71.3,57.5,9,0.865882352941176
"888",2,64.8,46.5,12.1,0.970588235294118
"889",3,67,45.9,10,0.925882352941176
"890",4,70.4,45,4.3,0.904705882352941
"891",5,75.6,53.4,8.6,0.96
"892",6,76.1,55.2,12.3,0.923529411764706
"893",7,82.1,57.6,13.8,0.956470588235294
"894",1,84.7,62.1,11.8,0.870588235294118
"895",2,80.3,64.5,6.7,0.949411764705882
"896",3,77.7,66.2,7.4,0.904705882352941
"897",4,77.2,64.8,7.9,0.968235294117647
"898",5,77.8,62.2,9.4,0.982352941176471
"899",6,80.5,67.5,9.1,0.971764705882353
"900",7,75.6,63.8,10.8,0.924705882352941
"901",1,70.7,56,8.1,0.876470588235294
"902",2,66.6,54.6,8.8,0.943529411764706
"903",3,68.5,56.2,5.8,0.924705882352941
"904",4,79.3,66.3,10.1,0.963529411764706
"905",5,76.7,62.8,10.4,0.914117647058823
"906",6,70,52,11.6,0.963529411764706
"907",7,65.4,46.6,11,0.937647058823529
"908",1,64.7,46.8,10.5,0.925882352941176
"909",2,65.3,45.7,6,0.907058823529412
"910",3,69.8,52.3,10.6,0.831764705882353
"911",4,76.2,64.7,11.5,0.912941176470588
"912",5,73.7,67.5,6,0.915294117647059
"914",7,75.4,57.3,7.4,0.917647058823529
"916",2,74.5,62.8,7.9,0.936470588235294
"918",4,82.2,64.4,5.1,0.918823529411765
"919",5,81.5,67.7,9.1,0.891764705882353
"920",6,71.5,55.4,7.5,0.892941176470588
"921",7,74.7,52.5,7,0.967058823529412
"922",1,78.2,67.9,8.4,0.916470588235294
"923",2,78.2,70.6,4.4,0.904705882352941
"924",3,77.3,70.8,8.2,0.811764705882353
"925",4,78.4,69.5,8.5,0.963529411764706
"926",5,72.2,61,7.6,0.938823529411765
"928",7,73.1,62.5,10.3,0.955294117647059
"929",1,69.2,57.7,6.7,0.992941176470588
"930",2,76,59.4,3.3,0.930588235294118
"931",3,80.5,66.9,6.8,0.903529411764706
"932",4,77.3,70,8,0.894117647058824
"933",5,81.5,70.2,6.1,0.891764705882353
"934",6,78,70.5,8.7,0.888235294117647
"935",7,80.3,67.6,5.2,0.990588235294118
"936",1,71.5,61,10.2,0.918823529411765
"937",2,73.1,58.3,7.3,1
"938",3,76.6,63.1,6.8,0.884705882352941
"939",4,78.6,70.1,8.1,0.929411764705882
"941",6,72.7,54.5,11.4,0.941176470588235
"942",7,73.5,59,4.9,0.962352941176471
"943",1,76.8,60.3,3.5,0.932941176470588
"945",3,77.2,64.2,5.4,0.910588235294118
"946",4,76.8,67.4,7.6,0.998823529411765
"950",1,70.5,57.8,6.6,0.909411764705882
"951",2,70.4,51.9,4.4,0.903529411764706
"952",3,74.6,56.1,3.5,0.904705882352941
"953",4,75.6,58.7,7.7,0.929411764705882
"954",5,74,60.8,8.5,0.9
"955",6,69.4,57.1,8.4,0.955294117647059
"956",7,69.3,55.5,3.2,0.858823529411765
"957",1,74,58.6,4.8,0.958823529411765
"958",2,76.5,65.3,6.6,0.935294117647059
"959",3,77.1,66.3,6.5,0.935294117647059
"960",4,78.3,69.4,12.4,0.903529411764706
"963",7,77.2,61.2,5.8,0.912941176470588
"964",1,79.5,69.9,7,0.887058823529412
"965",2,75.2,64.9,11.1,0.917647058823529
"966",3,69.5,51.4,8.2,0.878823529411765
"967",4,67.7,54.7,7.5,0.942352941176471
"968",5,64.4,48.8,5.5,0.908235294117647
"969",6,68.6,52.2,5.7,0.917647058823529
"970",7,70.3,54.2,7.4,0.888235294117647
"971",1,70.6,61.1,4.6,0.809411764705882
"972",2,70,62.4,4.1,0.851764705882353
"973",3,70.3,59.9,4.4,0.927058823529412
"974",4,70.1,59.2,11.1,0.864705882352941
"976",6,64,45.8,4.1,0.907058823529412
"977",7,68.4,55,6.3,0.890588235294118
"978",1,73.5,58.6,10.9,0.842352941176471
"979",2,64.1,48.9,11,0.828235294117647
"980",3,58.4,45,8,0.762352941176471
"981",4,60.6,46.2,7.7,0.856470588235294
"982",5,63.5,48.5,5.3,0.825882352941177
"983",6,64.5,48.5,8.9,0.864705882352941
"984",7,62.5,46.4,6.9,0.869411764705882
"985",1,64,48.8,5.1,0.812941176470588
"986",2,67,54,7.2,0.854117647058824
"987",3,67.6,60.1,5.2,0.830588235294118
"988",4,67.9,61,3.9,0.863529411764706
"989",5,74.9,60.5,7.5,0.950588235294118
"990",6,77.8,61.5,7.8,0.971764705882353
"991",7,78.4,62.9,7.1,0.955294117647059
"992",1,69.2,56.5,7.5,0.908235294117647
"993",2,70.3,63.6,5.7,0.832941176470588
"994",3,76.7,65.5,7.3,0.972941176470588
"995",4,84,66.9,5.9,0.949411764705882
"996",5,85.2,67.3,6,0.941176470588235
"997",6,84.4,66.5,5.3,0.976470588235294
"998",7,82.3,63.6,5.7,0.954117647058824
"999",1,81.1,58.7,5.6,0.965882352941177
"1000",2,82,59.4,7.5,0.881176470588235
"1001",3,70.8,54.9,10.1,0.854117647058824
"1002",4,62.9,44.6,7.8,0.843529411764706
"1003",5,64.3,46.4,9.6,0.952941176470588
"1004",6,61.8,45.3,9.5,0.876470588235294
"1006",1,70.5,47.5,9,0.884705882352941
"1007",2,72.2,59.5,10.7,0.868235294117647
"1008",3,70.7,63.3,9.2,0.872941176470588
"1009",4,65.9,51.9,4.4,0.878823529411765
"1010",5,65.2,61.7,5.7,0.88
"1011",6,70.5,61.4,13,0.836470588235294
"1012",7,65.5,53.6,9.4,0.844705882352941
"1013",1,67.5,51.8,3.2,0.877647058823529
"1014",2,63.9,57,11.8,0.827058823529412
"1015",3,59.5,56.5,13.7,0.725882352941176
"1016",4,58.1,53.5,6.9,0.9
"1017",5,62.1,55.4,6.2,0.903529411764706
"1018",6,64.6,61.3,5,0.761176470588235
"1019",7,60.9,55.7,12.9,0.751764705882353
"1020",1,52.3,40.1,7.1,0.895294117647059
"1021",2,57.4,40.2,9.9,0.845882352941176
"1022",3,60,41,10.2,0.910588235294118
"1023",4,61.1,37.6,7.2,0.909411764705882
"1024",5,64.7,46,7.4,0.998823529411765
"1025",6,68.6,51.9,11.3,0.957647058823529
"1026",7,66,56.6,12.5,0.868235294117647
"1027",1,53.1,51.5,8.6,0.870588235294118
"1028",2,47.8,44.9,11,0.810588235294118
"1029",3,44.8,33.6,7,0.84
"1030",4,48.2,37.4,7.5,0.885882352941176
"1031",5,45.3,33.6,13.6,0.962352941176471
"1032",6,38.7,31.1,10.9,0.843529411764706
"1033",7,40,27.8,7.6,0.818823529411765
"1034",1,45,30.4,11.5,0.832941176470588
"1035",2,37.8,22.7,12.2,0.890588235294118
"1036",3,39.8,29.6,6.8,0.963529411764706
"1037",4,47.6,46.5,4.9,0.849411764705882
"1038",5,45.9,38.8,10.4,0.928235294117647
"1039",6,46,41.2,8.3,0.887058823529412
"1040",7,51.5,50.4,2.9,0.909411764705882
"1041",1,41.7,32.8,10.3,0.843529411764706
"1042",2,43.4,33.4,10.3,0.796470588235294
"1043",3,37.8,27.1,4.6,0.891764705882353
"1044",4,39,25.9,9,0.770588235294118
"1045",5,24.9,11.2,8.4,0.797647058823529
"1046",6,30.1,16.7,7.9,0.809411764705882
"1047",7,39,31.3,3.5,0.782352941176471
"1048",1,37.9,34.4,5.2,0.844705882352941
"1049",2,40.8,34.1,7.3,0.823529411764706
"1050",3,47.9,40.7,10.6,0.834117647058824
"1051",4,36.2,27.6,10.4,0.898823529411765
"1052",5,39.5,31.9,8.8,0.868235294117647
"1053",6,43.7,41.9,12.2,0.818823529411765
"1054",7,35,23.1,12.3,0.811764705882353
"1055",1,39.2,26.4,11.8,0.896470588235294
"1056",2,42.1,29.1,13.3,0.790588235294118
"1057",3,29.2,15.3,8,0.770588235294118
"1058",4,37.2,21.7,8,0.638823529411765
"1059",5,44.8,31.5,10,0.803529411764706
"1060",6,48.8,35.9,10.4,0.84
"1061",7,38.9,25.4,6.6,0.781176470588235
"1062",1,46.3,34.2,4.5,0.910588235294118
"1063",2,55.8,35.8,13.9,0.921176470588235
"1064",3,44.3,27.7,6.8,0.907058823529412
"1065",4,47.3,29.1,8.8,0.882352941176471
"1067",6,44.2,28.7,4.9,0.890588235294118
"1068",7,44.6,31.6,3.6,0.795294117647059
"1069",1,57.1,40.1,15.2,0.951764705882353
"1070",2,41.3,26.8,22.4,0.835294117647059
"1071",3,31.7,13.8,13.8,0.837647058823529
"1072",4,25.6,13.4,11.3,0.735294117647059
"1073",5,25.2,9.6,10.3,0.864705882352941
"1074",6,30,20.1,12.4,0.775294117647059
"1075",7,26.9,16.9,9,0.781176470588235
"1076",1,31.5,21.9,6.5,0.869411764705882
"1077",2,25.2,15.2,14,0.804705882352941
"1078",3,27.9,15.4,11.3,0.823529411764706
"1079",4,25.2,14.8,10.7,0.844705882352941
"1080",5,26.8,16,9.1,0.901176470588235
"1081",6,39.5,24.3,7.9,0.908235294117647
"1082",7,38.8,32.6,3.3,0.857647058823529
"1083",1,43.7,39,8.5,0.854117647058824
"1084",2,44.2,34.2,11.1,0.897647058823529
"1085",3,35.1,19.4,8,0.828235294117647
"1086",4,36.1,24.9,7.5,0.878823529411765
"1087",5,38.7,31.5,6.6,0.922352941176471
"1088",6,32.8,22.7,9.3,0.84
"1089",7,22.4,14.3,7.2,0.591764705882353
"1091",2,3.6,-8.1,9.8,0.618823529411765
"1092",3,2.3,-8.5,7.9,0.615294117647059
"1093",4,7.2,-1.7,5.1,0.707058823529412
"1094",5,12.7,7.1,6.9,0.675294117647059
"1095",6,10.5,2.1,11.2,0.730588235294118
"1096",7,1.1,-8,7,0.636470588235294
"1098",2,-2.8,-10.6,9.2,0.658823529411765
"1099",3,12.2,3.5,11,0.676470588235294
"1100",4,8.3,-2.6,11.1,0.708235294117647
"1101",5,5.3,-5.3,9.2,0.781176470588235
"1102",6,6.7,-5.4,5.5,0.688235294117647
"1103",7,17.7,7.3,11.1,0.627058823529412
"1104",1,34,29.8,12,0.728235294117647
"1105",2,30.5,28.2,6,0.767058823529412
"1106",3,38.6,37.6,10.6,0.847058823529412
"1107",4,56.6,53.9,15.9,0.823529411764706
"1108",5,24.3,18.2,16.8,0.831764705882353
"1109",6,14,-0.3,12.5,0.725882352941176
"1110",7,13.2,0.6,6.4,0.663529411764706
"1111",1,19,14.6,10.8,0.621176470588235
"1112",2,14.4,8.1,10.2,0.722352941176471
"1113",3,14.3,7.3,8.2,0.763529411764706
"1114",4,22.6,12.7,14.9,0.736470588235294
"1115",5,32.6,21.7,12.5,0.834117647058824
"1116",6,39.7,30.2,10.4,0.858823529411765
"1117",7,41.8,39.5,4.7,0.844705882352941
"1118",1,48.9,47.6,9,0.851764705882353
"1119",2,36,31,10.1,0.844705882352941
"1120",3,29.4,22.8,5.9,0.721176470588235
"1121",4,32.9,25.2,7.6,0.754117647058824
"1122",5,43.4,32.2,12.3,0.897647058823529
"1123",6,48.5,30.8,13.8,0.887058823529412
"1124",7,36.3,28,6.2,0.789411764705882
"1125",1,28.4,20.1,13.2,0.767058823529412
"1126",2,22.2,11,6.8,0.748235294117647
"1127",3,35.8,21.3,14.5,0.832941176470588
"1128",4,28.8,14.8,11.5,0.864705882352941
"1129",5,11.8,-5.4,10.2,0.792941176470588
"1130",6,27.6,9.3,11.4,0.74
"1131",7,26.7,20,13.3,0.602352941176471
"1132",1,6.6,-2.3,7,0.637647058823529
"1133",2,13.4,6.9,4.8,0.691764705882353
"1134",3,18.4,12.2,7.1,0.638823529411765
"1135",4,14.4,6.6,6.9,0.652941176470588
"1136",5,24.8,21.5,7.6,0.594117647058824
"1137",6,21,15.5,10.5,0.628235294117647
"1138",7,22.4,17.9,8,0.631764705882353
"1139",1,16.9,5.8,6.4,0.672941176470588
"1140",2,24.5,14.1,5.7,0.757647058823529
"1141",3,34,28.4,7.4,0.777647058823529
"1142",4,41.5,41.2,5.8,0.821176470588235
"1143",5,36.2,25.6,10.6,0.78
"1144",6,25.4,16.8,6.7,0.710588235294118
"1145",7,29,24.5,8.9,0.690588235294118
"1146",1,44.5,41,8.9,0.735294117647059
"1147",2,59.3,57.7,11.5,0.758823529411765
"1148",3,32.8,26.8,10.2,0.751764705882353
"1149",4,34.6,27.2,12.7,0.796470588235294
"1150",5,40.7,37.6,10.3,0.789411764705882
"1151",6,37.7,32.5,9.5,0.801176470588235
"1152",7,41.6,31.9,17.9,0.770588235294118
"1153",1,41.9,26.9,8.1,0.735294117647059
"1154",2,50.1,32.1,11.1,0.812941176470588
"1155",3,51.8,39.9,9.9,0.761176470588235
"1156",4,39.5,35.3,11.7,0.970588235294118
"1157",5,37.4,24,6,0.812941176470588
"1158",6,38.1,20.7,7.3,0.781176470588235
"1159",7,38.6,22.1,8.8,0.762352941176471
"1160",1,37.9,20,13.8,0.782352941176471
"1161",2,36.1,32.7,8.4,0.768235294117647
"1162",3,31.7,22.6,11.9,0.771764705882353
"1163",4,28.8,14.5,10,0.776470588235294
"1164",5,30.1,16.3,5.8,0.876470588235294
"1165",6,33.4,17.6,5.4,0.804705882352941
"1166",7,35.1,22.5,8.4,0.728235294117647
"1167",1,36.9,23.1,7.7,0.777647058823529
"1168",2,31.8,21.2,9.2,0.750588235294118
"1169",3,31.7,15.4,9.9,0.781176470588235
"1170",4,39.9,25.4,7.3,0.812941176470588
"1171",5,32.6,22,11.4,0.825882352941177
"1172",6,36.7,25.3,9.7,0.914117647058823
"1173",7,40.8,21.2,2.9,0.809411764705882
"1174",1,41.5,25.7,11.8,0.775294117647059
"1175",2,33.8,22.3,17,0.837647058823529
"1176",3,34.3,20.7,13,0.809411764705882
"1177",4,35.3,19.6,6,0.788235294117647
"1178",5,36.7,22.4,7.8,0.884705882352941
"1179",6,36.8,22.5,15,0.763529411764706
"1180",7,34.6,17.2,13.4,0.796470588235294
"1181",1,41.4,23.5,10,0.818823529411765
"1182",2,49.9,46.3,10.4,0.791764705882353
"1183",3,45.7,36.7,5.3,0.810588235294118
"1184",4,45.4,39.7,6.9,0.74
"1185",5,39.6,28.6,7.7,0.828235294117647
"1186",6,46,33.3,11.5,0.811764705882353
"1187",7,33.8,15.3,8.8,0.858823529411765
"1188",1,33.1,16.5,5.9,0.792941176470588
"1189",2,40.2,35.9,9.5,0.711764705882353
"1190",3,32.8,24.7,14.6,0.821176470588235
"1191",4,32.3,17.5,7.1,0.790588235294118
"1192",5,35.6,26.5,10.5,0.817647058823529
"1193",6,29.2,8.2,8.7,0.747058823529412
"1194",7,31.9,14.2,5,0.725882352941176
"1195",1,34.5,28.5,6.8,0.777647058823529
"1196",2,37.1,24.7,5.7,0.838823529411765
"1197",3,48.5,32,9.6,0.904705882352941
"1198",4,59.5,42.6,10.6,0.883529411764706
"1199",5,45.8,39.4,9.5,0.918823529411765
"1200",6,40.4,38.6,16.9,0.810588235294118
"1201",7,36.7,35,13.2,0.709411764705882
"1202",1,31.3,26,13.2,0.862352941176471
"1203",2,35,22.3,10.7,0.822352941176471
"1204",3,35.1,26.4,9.7,0.737647058823529
"1205",4,41.1,29.6,9.4,0.851764705882353
"1206",5,46.8,21.6,4.6,0.944705882352941
"1207",6,47.2,20.3,4.1,0.796470588235294
"1208",7,51,23.1,9.2,0.821176470588235
"1209",1,51.9,29.3,9.1,0.842352941176471
"1210",2,55.8,42,6.3,0.838823529411765
"1211",3,49,35.8,12.1,0.882352941176471
"1212",4,49.3,29.1,3.2,0.862352941176471
"1213",5,51.9,31.3,10.2,0.908235294117647
"1214",6,43.9,29.3,13.4,0.798823529411765
"1215",7,44.5,20.1,5.8,0.852941176470588
"1216",1,57.9,20.4,9.5,0.928235294117647
"1218",3,77.2,52.5,14.8,0.928235294117647
"1219",4,65.4,59.8,6.4,0.872941176470588
"1220",5,67.9,54.9,14.7,0.957647058823529
"1222",7,63.5,41.8,8,0.837647058823529
"1223",1,60.3,40,5.9,0.945882352941177
"1224",2,69.8,40.4,6,0.944705882352941
"1225",3,71.1,49.5,11.3,0.931764705882353
"1226",4,66.1,54.4,9.5,0.916470588235294
"1227",5,53.5,44.6,12,0.857647058823529
"1228",6,49.1,44.6,10.5,0.822352941176471
"1229",7,54.4,49.6,7.1,0.810588235294118
"1230",1,63.8,56.6,8.3,0.927058823529412
"1231",2,64,58.9,8.2,0.874117647058824
"1232",3,62.6,45.8,5.6,0.892941176470588
"1233",4,65.2,50.5,5.9,0.934117647058823
"1234",5,58.4,46.6,9.1,0.94
"1235",6,61.1,57.7,5.1,0.892941176470588
"1236",7,51.5,47.3,9.1,0.897647058823529
"1237",1,54.8,52.2,5.8,0.84
"1238",2,60,56.6,4.3,0.936470588235294
"1239",3,63.7,52.1,3.2,0.918823529411765
"1240",4,71.8,54,5.3,0.963529411764706
"1241",5,78.5,55.9,6.6,0.945882352941177
"1246",3,77.5,66.6,7.8,0.996470588235294
"1247",4,77.7,68,9.1,0.989411764705882
"1249",6,60.9,53.3,8.7,0.963529411764706
"1250",7,67.5,54.8,10.8,0.982352941176471
"1251",1,68,48.5,9.6,0.929411764705882
"1252",2,67.2,48.9,11.2,0.884705882352941
"1253",3,63.5,48.2,7.1,0.958823529411765
"1254",4,73.8,57.8,6.4,0.902352941176471
"1255",5,65.6,55.9,6.8,0.910588235294118
"1256",6,66.5,60.4,4.6,0.96
"1257",7,65.5,63.6,5.5,0.86
"1258",1,64.1,62.8,8.7,0.88
"1259",2,70.6,66.7,6,0.932941176470588
"1260",3,75.1,61.8,7,0.883529411764706
"1261",4,72.9,52,3.9,0.889411764705882
"1262",5,76.6,57.8,6.7,0.987058823529412
"1263",6,82.2,69.5,9,0.970588235294118
"1264",7,86.3,72,9.3,0.975294117647059
"1265",1,86.7,72.7,11.4,0.992941176470588
"1266",2,73.3,67.5,6.6,0.935294117647059
"1268",4,66.5,64.2,10.6,0.784705882352941
"1269",5,63.2,60.7,12.3,0.850588235294118
"1270",6,68.3,58.2,5.4,0.987058823529412
"1273",2,74.9,64.6,9.7,0.935294117647059
"1274",3,73.3,68.4,7.4,0.971764705882353
"1275",4,76.1,65.4,3.2,0.967058823529412
"1276",5,83.5,71.8,8.4,0.917647058823529
"1280",2,78.5,64.6,6.1,0.971764705882353
"1281",3,83.9,73.6,6.9,0.975294117647059
"1282",4,80.3,73.5,6.7,0.989411764705882
"1284",6,71.7,51.1,7,0.977647058823529
"1285",7,75.6,55.3,4.7,0.970588235294118
"1286",1,80.1,61,7.3,0.943529411764706
"1287",2,82.2,65.1,8.5,0.952941176470588
"1288",3,78.3,57.9,6.7,0.867058823529412
"1289",4,79.3,61.6,7.7,0.938823529411765
"1290",5,82.1,63.4,7.9,0.963529411764706
"1291",6,78.3,69.2,5,0.927058823529412
"1292",7,81,71,4.7,0.955294117647059
"1293",1,83,72.1,4.7,0.921176470588235
"1294",2,77,61.9,7.3,0.876470588235294
"1295",3,72.6,55.2,7.8,0.988235294117647
"1296",4,76.7,57.7,7.4,0.915294117647059
"1297",5,75.7,66.6,11.5,0.965882352941177
"1298",6,71.5,67.6,10.8,0.941176470588235
"1299",7,71.6,68.3,11.9,0.935294117647059
"1300",1,73.6,64.9,8.8,0.995294117647059
"1301",2,75.7,64.3,4.8,0.938823529411765
"1302",3,79.1,59.6,5.5,0.950588235294118
"1303",4,77.5,60.4,8.9,0.942352941176471
"1304",5,71.1,56.1,8.3,0.941176470588235
"1305",6,71.9,54,4.8,0.949411764705882
"1306",7,72.4,56.8,4,0.912941176470588
"1307",1,72.5,59.2,5.7,0.92
"1308",2,74.3,62.4,6.7,0.976470588235294
"1314",1,79.3,69.4,7.1,0.943529411764706
"1315",2,76.5,69.7,3.9,0.923529411764706
"1316",3,74.6,67.6,4.2,0.931764705882353
"1317",4,78.5,66.4,7.9,0.903529411764706
"1320",7,79.9,60,5.4,0.990588235294118
"1321",1,77.9,63,4,0.968235294117647
"1322",2,80.5,61.2,4.2,0.975294117647059
"1323",3,80.2,66.7,6,0.936470588235294
"1324",4,77.3,69.4,4.5,0.984705882352941
"1325",5,75.7,69.2,5.1,0.952941176470588
"1327",7,76.5,67.8,5.4,0.932941176470588
"1328",1,75.8,68,9.2,0.878823529411765
"1329",2,73.1,67.7,7.3,0.849411764705882
"1330",3,71.1,54.1,9.2,1
"1331",4,70.9,52.6,5.8,0.856470588235294
"1332",5,69.2,57,8.8,0.929411764705882
"1333",6,72.9,66.9,9.1,0.983529411764706
"1334",7,83.5,74.4,6.8,0.932941176470588
"1335",1,86.2,72.2,13.8,0.969411764705882
"1336",2,83.1,72.1,12.8,0.943529411764706
"1337",3,72.2,67.6,7.6,0.882352941176471
"1338",4,68.5,56.8,7.5,0.964705882352941
"1339",5,72.4,59.7,5.9,0.98
"1341",7,82.3,68.8,9.9,0.978823529411765
"1342",1,78.6,69.1,6.5,0.912941176470588
"1343",2,79.9,69.1,7.5,0.963529411764706
"1344",3,83.1,68.1,10.1,0.843529411764706
"1345",4,70.6,65.1,9.7,0.870588235294118
"1346",5,68.9,60.8,9.7,0.857647058823529
"1347",6,67.1,52.6,15.4,0.929411764705882
"1348",7,65,51.1,15.3,0.781176470588235
"1349",1,66.6,55.1,9.3,0.842352941176471
"1350",2,67.5,56.4,3.4,0.814117647058824
"1351",3,68.5,55.9,5.4,0.84
"1352",4,66.9,56.6,4.3,0.808235294117647
"1354",6,70.3,61.5,5.1,0.948235294117647
"1355",7,74.9,65.1,6.8,0.963529411764706
"1356",1,79.1,64.4,3.9,0.924705882352941
"1357",2,75.3,63.7,5.3,0.867058823529412
"1358",3,71.1,61.7,8.7,0.895294117647059
"1359",4,78.1,67.1,6.6,0.975294117647059
"1360",5,78.4,61.1,14.2,0.970588235294118
"1361",6,60.3,44,10.7,0.94
"1362",7,61.2,49.1,5,0.864705882352941
"1363",1,65.1,56.9,6.7,0.936470588235294
"1364",2,73.2,65.2,7.7,0.883529411764706
"1365",3,61.5,48.1,9.3,0.883529411764706
"1366",4,59,42.9,6.1,0.832941176470588
"1367",5,58.2,43.8,6.8,0.931764705882353
"1368",6,51.2,38,4.9,0.861176470588235
"1369",7,59.3,49.4,6.8,0.871764705882353
"1371",2,64.1,58.4,5.6,0.843529411764706
"1372",3,71.3,60.5,10.9,0.795294117647059
"1373",4,66.2,53.8,14.8,0.82
"1374",5,58.3,52,8.3,0.769411764705882
"1375",6,64.9,61.3,6.9,0.854117647058824
"1376",7,59.2,53.9,8.6,0.844705882352941
"1377",1,70.9,64.1,8.2,0.871764705882353
"1378",2,77.3,65.2,8,0.877647058823529
"1379",3,72.9,64.2,10.6,0.851764705882353
"1380",4,51.3,38.6,15.3,0.798823529411765
"1381",5,40.2,30.9,6.9,0.829411764705882
"1382",6,41.6,33.3,7.3,0.874117647058824
"1383",7,47.9,37.9,5.3,0.825882352941177
"1384",1,44.5,34.1,10.5,0.829411764705882
"1385",2,44,29.2,10,0.784705882352941
"1386",3,47.6,30.2,10.4,0.811764705882353
"1387",4,45.5,26.7,5.8,0.851764705882353
"1388",5,49.1,35.1,9.7,0.901176470588235
"1389",6,47.4,35.7,14.5,0.947058823529412
"1390",7,38.1,20.3,8.5,0.757647058823529
"1391",1,47.8,30,6.7,0.841176470588235
"1392",2,48.6,32.4,7.7,0.865882352941176
"1393",3,44.3,34.4,3.2,0.947058823529412
"1394",4,44.9,33,4.4,0.847058823529412
"1395",5,48.9,37.7,7.3,0.975294117647059
"1396",6,49.8,39.6,5.4,0.927058823529412
"1397",7,47.7,41.7,10.4,0.841176470588235
"1398",1,46.9,38.4,6.3,0.850588235294118
"1399",2,53.5,42.8,7.1,0.9
"1402",5,45.2,34.7,8.9,0.923529411764706
"1403",6,43,32,4.2,0.92
"1404",7,49,41.5,13.3,0.805882352941176
"1405",1,48.3,42,10.3,0.831764705882353
"1406",2,48.3,42.5,12.8,0.897647058823529
"1407",3,38.5,26.8,14.5,0.805882352941176
"1408",4,35.9,23.7,5.7,0.794117647058823
"1409",5,35,26.2,7.7,0.844705882352941
"1410",6,25.3,12.5,12.5,0.764705882352941
"1411",7,33,19.3,8,0.762352941176471
"1412",1,34.5,22.8,6.5,0.808235294117647
"1413",2,25.2,10.7,10.7,0.716470588235294
"1414",3,25.8,13.1,5.2,0.751764705882353
"1415",4,32.1,24.3,5.5,0.814117647058824
"1416",5,34.2,27.2,10.3,0.862352941176471
"1417",6,34.8,29.5,5.8,0.787058823529412
"1418",7,34.4,27.3,6.4,0.74
"1419",1,28.4,21.9,6.2,0.750588235294118
"1420",2,32.3,22.4,9.3,0.822352941176471
"1421",3,32.6,22.5,10.2,0.871764705882353
"1422",4,33.9,23.4,9.2,0.636470588235294
"1423",5,40.8,32.1,10.1,0.881176470588235
"1424",6,45.4,40.4,10,0.82
"1425",7,39.5,33.8,9.3,0.675294117647059
"1426",1,31.3,26.8,19.3,0.66
"1427",2,24,15.6,8.9,0.749411764705882
"1428",3,22.1,14.4,5.4,0.84
"1429",4,31,23.4,5.6,0.794117647058823
"1430",5,36.2,29.1,3.4,0.883529411764706
"1431",6,38.5,34.5,11.6,0.955294117647059
"1432",7,43.4,39.6,7.2,0.836470588235294
"1433",1,34.8,28.9,12,0.905882352941176
"1434",2,30.8,21.6,8.4,0.851764705882353
"1435",3,28.3,19.1,9.1,0.836470588235294
"1436",4,30.7,21.2,9.3,0.845882352941176
"1437",5,21.5,10.7,7.3,0.878823529411765
"1438",6,24.5,12.8,4.5,0.869411764705882
"1439",7,25.1,17.1,2.7,0.811764705882353
"1440",1,24,17.2,5.2,0.842352941176471
"1441",2,30.5,22.9,7,0.789411764705882
"1442",3,36,27,10.3,0.892941176470588
"1443",4,34.3,26.4,5.2,0.837647058823529
"1444",5,40.6,38.9,6.4,0.932941176470588
"1445",6,38.5,33.3,7.5,0.875294117647059
"1446",7,36.9,31.7,5.8,0.882352941176471
"1447",1,35.6,24.8,6.8,0.837647058823529
"1448",2,30.5,25.5,4.5,0.841176470588235
"1449",3,40.1,30.6,9.3,0.870588235294118
"1450",4,45.4,40.6,6.4,0.927058823529412
"1451",5,36.9,33.3,13.1,0.942352941176471
"1452",6,31.3,24.6,7.2,0.894117647058824
"1453",7,34.4,26.4,8.2,0.748235294117647
"1454",1,30.3,17.4,9.8,0.716470588235294
"1456",3,36.7,29.5,2.5,0.737647058823529
"1457",4,43.8,35.9,14.2,0.737647058823529
"1458",5,43.2,39,15.6,0.852941176470588
"1459",6,29.5,26.6,7.2,0.818823529411765
"1460",7,27,19.5,10.6,0.788235294117647
"1461",1,36.4,32.9,8,0.762352941176471
"1463",3,29.5,25.7,6.7,0.772136953955136
"1464",4,30.8,23.5,9.8,0.887839433293979
"1465",5,37.9,28,8.4,0.905548996458087
"1466",6,39.8,32.4,6.8,0.935064935064935
"1467",7,40.2,32.3,9.5,0.783943329397875
"1468",1,45.6,39.8,15.5,0.798110979929162
"1469",2,42.8,35.2,11.9,0.826446280991736
"1470",3,23.8,10.4,15,0.744982290436836
"1471",4,19.4,8.2,6.8,0.809917355371901
"1472",5,26.7,18.2,4.4,0.925619834710744
"1473",6,30.3,24.3,8,0.793388429752066
"1474",7,30.3,24.1,13.3,0.675324675324675
"1475",1,26.2,20.4,7,0.749704840613932
"1476",2,26.4,22.2,10.9,0.820543093270366
"1477",3,32.4,25.2,8.8,0.825265643447462
"1478",4,31.5,24.7,5.4,0.770956316410862
"1479",5,31.5,24.2,7.9,0.787485242030697
"1480",6,27.6,23.9,16.4,0.613931523022432
"1482",1,10.9,-0.2,7.9,0.655253837072019
"1483",2,20.3,10,10.4,0.736717827626919
"1484",3,31.4,29.8,7.7,0.780401416765053
"1485",4,17.9,12.7,9.1,0.716646989374262
"1486",5,2.8,-5.6,12.8,0.69185360094451
"1487",6,4.6,-3.6,6.1,0.626918536009445
"1488",7,5.5,-2.1,6.3,0.61629279811098
"1489",1,20.4,14.7,11.6,0.615112160566706
"1493",5,9.2,2.6,4.3,0.912632821723731
"1494",6,26.6,22,8.6,0.852420306965762
"1495",7,41,39.9,9.7,0.701298701298701
"1496",1,47.3,45.1,9.5,0.867768595041322
"1497",2,30.8,25.1,9.6,0.769775678866588
"1498",3,34.5,32.7,6.3,0.750885478158205
"1499",4,35.9,34.6,8.6,0.791027154663518
"1500",5,11.5,1.6,18.7,0.757969303423849
"1501",6,13.5,3,6.5,0.892561983471074
"1502",7,24.9,16.4,6.6,0.753246753246753
"1503",1,29.6,25.8,7.9,0.736717827626919
"1504",2,31.6,29.8,11.1,0.785123966942149
"1505",3,20.6,14.2,16.7,0.759149940968123
"1506",4,36.8,28.5,9,0.87603305785124
"1507",5,23.7,14.8,12.9,0.872491145218418
"1508",6,22.2,12.1,7.6,0.798110979929162
"1509",7,26.7,20.4,10.5,0.728453364817001
"1510",1,26.8,21.9,6.6,0.696576151121606
"1511",2,24.1,14.9,3.1,0.721369539551358
"1512",3,31.6,26.7,11.2,0.74616292798111
"1513",4,31.9,21.2,12.3,0.82172373081464
"1514",5,30.4,20.4,6,0.841794569067296
"1515",6,35.6,30.1,7.7,0.763872491145218
"1516",7,36.3,31.5,18.8,0.645808736717828
"1517",1,15.6,-0.1,12.9,0.702479338842975
"1518",2,21.5,8.9,9.4,0.717827626918536
"1519",3,26.3,16.5,8.6,0.766233766233766
"1520",4,20.1,8.6,5.8,0.701298701298701
"1521",5,28.6,19.6,4.9,0.884297520661157
"1522",6,30.8,22,6.5,0.782762691853601
"1523",7,23.8,10.4,9.3,0.650531286894923
"1524",1,6.6,-6.9,12.6,0.642266824085006
"1525",2,13.2,0,14.2,0.638724911452184
"1526",3,18.1,2.9,11.8,0.741440377804014
"1527",4,24.2,10.7,7.7,0.71900826446281
"1528",5,29.4,21.3,5.2,0.846517119244392
"1529",6,35,28.7,10.5,0.728453364817001
"1530",7,37.9,32.6,18.2,0.722550177095632
"1531",1,33.3,19,9.9,0.826446280991736
"1532",2,36.3,23.6,6.2,0.74025974025974
"1533",3,47.1,37.5,10.7,0.812278630460449
"1534",4,56.2,48.6,15,0.795749704840614
"1535",5,38.6,33.3,15.7,0.866587957497048
"1536",6,35.5,20.6,10.3,0.904368358913814
"1537",7,36,22.3,6.2,0.721369539551358
"1538",1,36.1,23.6,6.1,0.768595041322314
"1539",2,39.8,23.8,6.7,0.759149940968123
"1540",3,42.5,33.5,7.7,0.81582054309327
"1541",4,40.4,35.1,9.2,0.813459268004723
"1542",5,40.6,28.8,10.4,0.837072018890201
"1543",6,37.9,24.9,3.6,0.814639905548996
"1544",7,46,31.5,4.6,0.765053128689492
"1545",1,37.6,25.2,15,0.754427390791027
"1546",2,36.1,13.6,6.4,0.792207792207792
"1547",3,42.8,18.4,7.8,0.824085005903188
"1548",4,53.5,39.4,11.3,0.806375442739079
"1549",5,47.5,32.6,7,0.795749704840614
"1550",6,40.2,32.9,11.3,0.782762691853601
"1551",7,31.9,13.8,12.6,0.752066115702479
"1552",1,36.5,20.1,9.6,0.932703659976387
"1553",2,44.9,30.2,12.9,0.776859504132231
"1554",3,47,28.4,8.9,0.802833530106257
"1555",4,46.7,39.9,8.5,0.781582054309327
"1556",5,45,39.5,4.9,0.829988193624557
"1557",6,52.3,44.4,4.2,0.87603305785124
"1558",7,59.4,49.9,7.3,0.829988193624557
"1559",1,62.7,47.2,6.9,0.878394332939788
"1560",2,60.9,35.8,9.8,0.818181818181818
"1561",3,41.6,31.5,13.8,0.778040141676505
"1562",4,45.6,35.7,15.8,0.883116883116883
"1563",5,50.6,36.2,14.9,0.9185360094451
"1564",6,44.3,24.4,11.2,0.890200708382527
"1565",7,37.1,29.8,14.6,0.632821723730815
"1566",1,39.9,29.3,7.8,0.852420306965762
"1567",2,57.8,42.6,9.4,0.834710743801653
"1568",3,57.9,47.2,8.5,0.81582054309327
"1569",4,58.6,51.7,10.9,0.74025974025974
"1570",5,44.5,34.7,18.2,0.76741440377804
"1571",6,50.6,19.6,16,0.861865407319953
"1572",7,59.6,24.4,6,0.761511216056671
"1573",1,68.4,42.2,10.5,0.867768595041322
"1574",2,59.1,49,9.6,0.87603305785124
"1575",3,53.9,37.8,4.9,0.828807556080283
"1576",4,57.7,37.7,3.5,0.904368358913814
"1577",5,56.5,37.4,14.5,0.89728453364817
"1578",6,42.9,30.2,9.8,0.742621015348288
"1579",7,41.5,27.4,11.4,0.714285714285714
"1580",1,46.8,39.7,9.6,0.845336481700118
"1581",2,46.1,44,7.8,0.860684769775679
"1582",3,52.9,50.6,9.1,0.952774498229044
"1583",4,45.8,43.7,7.6,0.824085005903188
"1584",5,48.6,40.4,10.4,0.933884297520661
"1585",6,50.9,38.3,6.6,0.825265643447462
"1586",7,58.8,39.6,4.9,0.9185360094451
"1587",1,60.7,47.3,7,0.931523022432113
"1588",2,47.4,41.9,10.9,0.826446280991736
"1589",3,53.7,41.7,10.8,0.896103896103896
"1590",4,63.2,56.4,10.6,0.87012987012987
"1591",5,50.1,38.4,8.8,0.940968122786305
"1592",6,48.1,37.5,6.1,0.82172373081464
"1593",7,47.2,38,10.5,0.744982290436836
"1594",1,50.4,38.6,7.8,0.932703659976387
"1595",2,55.7,36.8,4,0.84887839433294
"1596",3,63.6,43.2,3.1,0.900826446280992
"1597",4,67,54.9,8,0.873671782762692
"1598",5,57.5,50.7,9.2,0.914994096812279
"1599",6,58,50,7.8,0.894923258559622
"1600",7,66.1,59.2,10.7,0.913813459268005
"1601",1,54.1,43.4,11.5,0.953955135773318
"1602",2,49.5,40.6,10.2,0.859504132231405
"1603",3,63.9,52.1,12.8,0.911452184179457
"1604",4,72.1,56.4,13.1,0.912632821723731
"1605",5,64.5,52.2,7.1,1
"1607",7,70.9,59.8,6.2,0.975206611570248
"1608",1,62.7,53.5,6.7,0.881936245572609
"1609",2,65.7,61,7.9,0.881936245572609
"1610",3,60,55.2,7.1,0.87012987012987
"1611",4,66.9,58.2,5.7,0.879574970484061
"1612",5,71.4,57.9,6.9,0.981109799291617
"1614",7,60.9,45.4,7.5,0.866587957497048
"1615",1,58.9,40,7.8,0.834710743801653
"1616",2,67,52.2,7.6,0.910271546635183
"1617",3,75.5,65,8.7,0.931523022432113
"1618",4,66.4,58.9,5.5,0.874852420306966
"1619",5,67.3,57.4,7.9,0.971664698937426
"1621",7,69.7,60.3,6.8,0.950413223140496
"1622",1,68.3,54.3,10.3,0.942148760330578
"1623",2,69.9,43.5,6.8,0.914994096812279
"1624",3,69.5,48.3,9,0.844155844155844
"1625",4,59,48,13.9,0.827626918536009
"1626",5,66,44.2,10.6,0.95159386068477
"1627",6,67.4,58.9,9.5,0.979929161747344
"1628",7,59.9,57.4,5.7,0.851239669421488
"1629",1,59.8,54.6,6.7,0.886658795749705
"1630",2,65.1,57.4,4.1,0.845336481700118
"1631",3,67.4,59,5.5,0.948051948051948
"1632",4,60.4,57.1,10.6,0.864226682408501
"1633",5,63,48.8,5.1,0.920897284533648
"1634",6,69.1,55.6,8.3,0.974025974025974
"1635",7,74.2,64.9,8.9,0.953955135773318
"1636",1,73.2,68.5,9.4,0.956316410861865
"1637",2,74,60.1,11.4,0.925619834710744
"1638",3,79.3,62.3,6.3,0.942148760330578
"1639",4,77.9,67,6.8,0.885478158205431
"1640",5,78.5,67,8.6,0.998819362455726
"1642",7,78.4,66.3,5.7,0.949232585596222
"1644",2,84.9,71.2,8.1,0.907910271546635
"1645",3,77.3,70.4,6,0.950413223140496
"1646",4,78.8,69.7,6.2,0.944510035419126
"1648",6,80.1,69.6,8,0.962219598583235
"1649",7,72,59.7,11.8,0.913813459268005
"1650",1,73.3,54,7.2,0.979929161747344
"1651",2,76.8,59.7,5.5,0.877213695395514
"1652",3,85,68,8.9,0.988193624557261
"1653",4,78.7,62.5,7.8,0.902007083825266
"1654",5,74.1,57.4,4.6,0.929161747343565
"1656",7,80.2,65.8,7.4,0.931523022432113
"1657",1,82.3,67,10,0.969303423848878
"1658",2,77.6,69.6,7.1,0.890200708382527
"1659",3,81.6,72.5,4.3,0.948051948051948
"1660",4,79.2,73.5,8.5,0.89728453364817
"1661",5,86.5,77.9,10.4,0.9456906729634
"1662",6,86,75.8,12.9,0.975206611570248
"1663",7,75.7,68.6,9.1,0.913813459268005
"1664",1,71.9,55.7,12.2,0.932703659976387
"1665",2,70.8,54.8,7.1,0.929161747343565
"1666",3,71.7,53.9,5,0.879574970484061
"1667",4,74.3,53.3,4.7,0.943329397874852
"1668",5,76.7,60.4,7.9,0.963400236127509
"1669",6,80.2,64.1,11.8,0.974025974025974
"1670",7,81.5,66.3,10.1,0.981109799291617
"1671",1,77.5,68.4,9.8,0.962219598583235
"1672",2,73.3,64.3,6.3,0.916174734356553
"1673",3,70.3,56.1,8.5,0.841794569067296
"1677",7,79.4,62.2,5.1,0.99409681227863
"1678",1,80.1,65.3,5.7,0.953955135773318
"1679",2,77.1,66,7.5,0.92443919716647
"1680",3,77.8,63.4,5.9,0.9185360094451
"1681",4,80.2,60.1,10.1,0.965761511216057
"1682",5,73.8,54.6,5.2,0.938606847697757
"1683",6,75,56.8,5.3,0.942148760330578
"1684",7,75.7,60.7,6.8,0.946871310507674
"1685",1,77.3,71.6,4.4,0.837072018890201
"1686",2,76.1,70.4,5.4,0.899645808736718
"1687",3,73.8,67.3,5.3,0.935064935064935
"1688",4,71.5,62.1,7.9,0.958677685950413
"1689",5,73.2,62.5,7.4,0.913813459268005
"1690",6,74.7,68,5.3,0.957497048406139
"1691",7,75.1,69.2,7.6,0.896103896103896
"1692",1,77.8,68.4,3.6,0.929161747343565
"1693",2,75.9,71.3,4.6,0.863046044864227
"1694",3,74,67.5,5.5,0.851239669421488
"1695",4,74.3,62.2,8,0.890200708382527
"1696",5,70.6,53.4,10.1,0.920897284533648
"1697",6,69.4,52.3,8.7,0.965761511216057
"1698",7,70,53.1,8.8,0.904368358913814
"1699",1,72.2,64.1,9.4,0.858323494687131
"1700",2,72.9,63.3,9.7,0.863046044864227
"1701",3,69.6,52.5,11.8,0.887839433293979
"1702",4,71.5,57.4,10.6,0.911452184179457
"1703",5,70.8,53.7,7,0.902007083825266
"1704",6,68.3,52.4,8.2,0.914994096812279
"1706",1,71.3,62.2,3.8,0.917355371900826
"1707",2,73.1,65.5,9.5,0.796930342384888
"1708",3,68.4,57,9.3,0.806375442739079
"1709",4,64.8,51.9,4.4,0.762691853600944
"1710",5,68.4,58.4,8.8,0.910271546635183
"1711",6,68.1,56.3,7.6,0.867768595041322
"1712",7,66.1,55.9,8.2,0.850059031877214
"1713",1,67.5,60.2,5.7,0.917355371900826
"1714",2,79.4,67.8,10,0.851239669421488
"1715",3,81.6,71.7,7.9,0.884297520661157
"1716",4,74.2,68.8,6.3,0.925619834710744
"1717",5,75.1,66.4,10.7,0.964580873671783
"1718",6,68.4,56.2,6.9,0.900826446280992
"1719",7,71.6,63.1,9.3,0.92443919716647
"1720",1,72.2,67.5,5.1,0.952774498229044
"1721",2,70.3,64.7,6.9,0.917355371900826
"1722",3,72.6,61.4,7.1,0.891381345926801
"1723",4,74.3,58,5.8,0.930342384887839
"1724",5,76,65.1,3.7,0.961038961038961
"1725",6,76.6,67.9,9,0.893742621015348
"1726",7,73.2,68,10.1,0.775678866587957
"1727",1,68.8,58.2,9.5,0.904368358913814
"1728",2,68.1,55.2,8.2,0.891381345926801
"1729",3,70.8,57,11.8,0.840613931523022
"1730",4,66.8,45.8,9.3,0.838252656434475
"1731",5,64.7,50.4,8.5,0.787485242030697
"1732",6,63.6,61.2,9.3,0.825265643447462
"1733",7,64.1,60.7,9,0.840613931523022
"1734",1,73.9,67.4,6.6,0.887839433293979
"1736",3,68.3,63,8.6,0.860684769775679
"1737",4,63.1,57.8,8.2,0.858323494687131
"1738",5,54.1,44.9,9.6,0.84297520661157
"1739",6,56,46,8.9,0.852420306965762
"1740",7,60.3,47.3,8.3,0.791027154663518
"1741",1,60.1,43.3,7,0.879574970484061
"1742",2,59.8,43,3,0.839433293978749
"1743",3,61.7,45,7.5,0.863046044864227
"1744",4,62.9,52.5,7,0.761511216056671
"1745",5,60,54.8,11.1,0.859504132231405
"1746",6,44.2,26.8,14.2,0.861865407319953
"1747",7,48.1,32.4,12.2,0.822904368358914
"1748",1,46.5,31.6,7.4,0.807556080283353
"1749",2,52.3,41.4,8,0.872491145218418
"1750",3,49.5,36.7,13.8,0.873671782762692
"1751",4,47,36.4,5.3,0.798110979929162
"1752",5,49.2,38.7,4.8,0.831168831168831
"1753",6,56.3,40.2,7.7,0.845336481700118
"1754",7,56.7,48.1,5.6,0.850059031877214
"1755",1,58.3,51.6,12.3,0.839433293978749
"1756",2,50.8,39.1,16.1,0.779220779220779
"1757",3,49.2,34.1,9,0.825265643447462
"1758",4,48.6,39.3,5.9,0.845336481700118
"1759",5,46.9,35.6,3.8,0.885478158205431
"1760",6,44.9,39.9,7.4,0.658795749704841
"1761",7,50.3,43,12.2,0.827626918536009
"1762",1,48.8,42.3,4,0.776859504132231
"1763",2,42.3,38,7.4,0.749704840613932
"1764",3,38.5,34,8.4,0.681227863046045
"1765",4,36,33.8,14.2,0.694214876033058
"1766",5,33.1,24.3,8.8,0.995277449822904
"1767",6,39.5,31.5,10.3,0.783943329397875
"1768",7,40.4,28.5,8,0.847697756788666
"1769",1,48.6,34.8,9.8,0.791027154663518
"1770",2,39.1,25.3,9.2,0.748524203069658
"1771",3,40.9,25.3,8.4,0.780401416765053
"1772",4,30.2,17.8,11.6,0.780401416765053
"1773",5,24.6,8,7.6,0.802833530106257
"1774",6,34.8,17.6,10.1,0.838252656434475
"1775",7,42.1,31.7,6.5,0.76741440377804
"1777",2,14.9,1.7,11.7,0.64344746162928
"1778",3,17.3,3.8,10.1,0.682408500590319
"1779",4,28.4,20.3,7.1,0.682408500590319
"1780",5,28.5,20.4,6,0.892561983471074
"1781",6,34.7,27.3,5,0.782762691853601
"1782",7,34.2,26.6,6.2,0.827626918536009
"1783",1,37.9,33.7,5.4,0.806375442739079
"1784",2,38.3,32.9,4.2,0.805194805194805
"1785",3,42.5,37.6,4.2,0.860684769775679
"1786",4,47.8,42,14.6,0.781582054309327
"1787",5,37.2,27.1,8.2,0.858323494687131
"1788",6,32.4,25.7,4.8,0.828807556080283
"1789",7,39.4,30.8,8.9,0.822904368358914
"1790",1,45.5,36.8,7.3,0.814639905548996
"1791",2,42.1,35.2,5.5,0.80047225501771
"1792",3,45.8,39.6,18.3,0.752066115702479
"1793",4,35.2,25.1,9.5,0.596221959858323
"1794",5,37.2,33.8,4.4,0.765053128689492
"1795",6,38.5,34.5,11.3,0.782762691853601
"1796",7,40.5,37.7,9.1,0.847697756788666
"1797",1,33.3,26.8,11.7,0.837072018890201
"1798",2,33.5,26.3,10.1,0.813459268004723
"1799",3,37.6,28.4,11.4,0.880755608028335
"1800",4,36.8,28,5.3,0.826446280991736
"1801",5,39.2,29.3,9.6,0.868949232585596
"1802",6,32,23.4,5.8,0.826446280991736
"1803",7,39.9,31.4,10.1,0.789846517119244
"1804",1,47.2,43.9,9.1,0.832349468713105
"1805",2,23.2,13.2,13.8,0.796930342384888
"1806",3,19.2,8.3,9.3,0.71310507674144
"1807",4,30.1,19.1,9.6,0.774498229043684
"1808",5,39.7,27.6,6.9,0.863046044864227
"1809",6,34.2,28,5.1,0.805194805194805
"1810",7,24.8,15.1,7.8,0.77331759149941
"1811",1,27.8,21.8,5.6,0.736717827626919
"1812",2,26.6,18.9,10.2,0.789846517119244
"1813",3,21.3,6.6,9.8,0.769775678866588
"1814",4,24.3,9.6,9,0.806375442739079
"1815",5,31.3,24.7,3.7,0.853600944510035
"1816",6,39,28.5,7.3,0.878394332939788
"1817",7,40.4,29.9,7.7,0.802833530106257
"1818",1,42.8,31.8,7.5,0.811097992916175
"1819",2,40.8,34.7,4.7,0.735537190082645
"1820",3,48.8,40,8.1,0.604486422668241
"1821",4,56.3,48.8,10.3,0.717827626918536
"1822",5,38.3,32.1,8.6,0.81582054309327
"1823",6,36,31.3,5.6,0.753246753246753
"1824",7,54.3,50.9,10.7,0.813459268004723
"1825",1,39,34,13.7,0.726092089728453
"1826",2,27.7,20.4,16.8,0.644628099173554
